ID,Job Title,Email Address,FirstName LastName,Balance,Country of Residence
1,Loan Officer,Caydence_Hunter4345@vetan.org,Caydence Hunter,Tk418,245,066,Egypt
2,Food Technologist,Rita_Benson7098@nanoff.biz,Rita Benson,kn216,760,255,Nepal
3,Physician,Hayden_Wright1423@sheye.org,Hayden Wright,MOP$152,744,797,Luxembourg
4,Machine Operator,Tyson_Notman8247@tonsy.org,Tyson Notman,Tk64,378,804,Tunisia
5,Chef Manager,Cedrick_Bailey656@bauros.biz,Cedrick Bailey,B$15,690,275,Rwanda
6,Cashier,Aiden_Stevenson3477@bauros.biz,Aiden Stevenson,Sk988,831,723,France
7,Front Desk Coordinator,Daphne_Flanders4872@corti.com,Daphne Flanders,Kr399,950,063,Netherlands
8,Banker,Maggie_Eddison8515@cispeto.com,Maggie Eddison,Kr210,153,813,Liberia
9,Operator,Leroy_Maxwell7667@twipet.com,Leroy Maxwell,Kcˇ131,240,703,Malawi
10,Mobile Developer,Willow_Stanton7580@mafthy.com,Willow Stanton,€392,068,927,Israel
11,HR Specialist,Rosa_Lindop8928@zorer.org,Rosa Lindop,Fr774,611,351,Namibia
12,Loan Officer,Paige_Glynn2913@bungar.biz,Paige Glynn,Sk439,431,008,Albania
13,Chef Manager,William_Carter4628@sveldo.biz,William Carter,HK$378,869,697,Honduras
14,Web Developer,Percy_Farmer1881@gmail.com,Percy Farmer,kn878,369,922,Austria
15,Audiologist,Johnathan_Butler8876@atink.com,Johnathan Butler,Rp507,885,056,Uganda
16,Treasurer,Esmeralda_Clayton3051@sheye.org,Esmeralda Clayton,kr710,900,166,Samoa
17,CNC Operator,Erick_Khan5643@extex.org,Erick Khan,MOP$330,481,739,Mauritania
18,Doctor,Oliver_Hunt2558@hourpy.biz,Oliver Hunt,$501,340,589,Lesotho
19,Operator,Roger_Ross7963@kideod.biz,Roger Ross,Tk222,781,476,Sudan
20,Cash Manager,Stella_Farmer3609@infotech44.tech,Stella Farmer,C$526,389,274,Mali
21,Stockbroker,Teagan_Shepherd9138@eirey.tech,Teagan Shepherd,Kcˇ805,520,147,China
22,Physician,Peter_Mason8489@nimogy.biz,Peter Mason,CFA675,633,867,Singapore
23,Clerk,Willow_Gaynor5321@iatim.tech,Willow Gaynor,€567,435,840,Iraq
24,Retail Trainee,Bob_Denton9829@sveldo.biz,Bob Denton,Kcˇ711,273,573,Chad
25,Machine Operator,Logan_Lee4042@bungar.biz,Logan Lee,MOP$373,975,000,Hungary
26,Inspector,Chester_Yarwood4392@sheye.org,Chester Yarwood,Kcˇ136,922,808,Korea, South
27,Call Center Representative,Mara_Cox2972@typill.biz,Mara Cox,lei144,693,879,Japan
28,Designer,Russel_Allwood8721@brety.org,Russel Allwood,kr339,038,577,Uruguay
29,HR Coordinator,Sylvia_Moore1966@liret.org,Sylvia Moore,Ft675,210,230,Morocco
30,Steward,Liam_Morris5749@vetan.org,Liam Morris,B$227,129,173,South Africa
31,Electrician,Shelby_Darcy2274@bulaffy.com,Shelby Darcy,Tk337,104,544,Zambia
32,HR Coordinator,Gil_Farrant4714@deons.tech,Gil Farrant,€506,126,567,Palau
33,Investment  Advisor,Mackenzie_Martin8713@acrit.org,Mackenzie Martin,Fr524,962,402,Honduras
34,Bookkeeper,Eryn_John6134@atink.com,Eryn John,Sk924,034,750,Korea, South
35,Machine Operator,Kamila_Driscoll4554@infotech44.tech,Kamila Driscoll,kn639,669,852,Spain
36,Auditor,Gil_Eyres8432@brety.org,Gil Eyres,B$380,017,221,Cambodia
37,CNC Operator,Barney_Vane3896@extex.org,Barney Vane,Tk595,786,134,Lesotho
38,Design Engineer,Carter_Vollans3594@yahoo.com,Carter Vollans,Kr63,200,512,Swaziland
39,Software Engineer,Gil_Kennedy9282@joiniaa.com,Gil Kennedy,$499,511,367,Kiribati
40,Global Logistics Supervisor,Nate_Connor6794@brety.org,Nate Connor,C$976,869,507,Russia
41,Chef Manager,Agnes_Vass5262@fuliss.net,Agnes Vass,kr193,718,714,Mozambique
42,Front Desk Coordinator,Victoria_Sylvester5509@ovock.tech,Victoria Sylvester,lei339,006,502,Malta
43,Bellman,Stella_Collingwood5982@gembat.biz,Stella Collingwood,kr213,424,542,Jordan
44,Lecturer,Brad_John4494@guentu.biz,Brad John,C$928,494,679,Mauritania
45,Webmaster,Ellen_Allwood7241@gmail.com,Ellen Allwood,€665,746,721,Finland
46,Cash Manager,Celina_Calderwood1577@elnee.tech,Celina Calderwood,RD$283,363,252,Korea, North
47,Bookkeeper,Kieth_Oatway4080@gompie.com,Kieth Oatway,Ft975,287,262,France
48,Food Technologist,Percy_Norris5407@naiker.biz,Percy Norris,kn148,471,158,Italy
49,Accountant,Tyler_Allcott8051@sveldo.biz,Tyler Allcott,B$444,516,722,El Salvador
50,Front Desk Coordinator,Domenic_Preston9231@nickia.com,Domenic Preston,Tk78,306,248,Botswana
51,Accountant,Jack_Ingham4348@hourpy.biz,Jack Ingham,Rp331,565,661,Bhutan
52,Accountant,Quinn_Ellis3886@nickia.com,Quinn Ellis,$541,242,108,Benin
53,Call Center Representative,Phillip_Jennson2349@ovock.tech,Phillip Jennson,Kr191,200,239,Cambodia
54,Inspector,Boris_Cavanagh9453@vetan.org,Boris Cavanagh,CFA557,346,876,Malta
55,Dentist,Daphne_Shea6240@sveldo.biz,Daphne Shea,Ft81,040,591,Zimbabwe
56,Inspector,Aleksandra_Harrington9925@iatim.tech,Aleksandra Harrington,f223,589,012,Solomon Islands
57,Food Technologist,Christine_Robinson803@elnee.tech,Christine Robinson,Kr416,479,900,Samoa
58,Restaurant Manager,Clint_Carter3518@deons.tech,Clint Carter,RD$707,800,102,Iceland
59,Webmaster,Carla_Cork9235@bretoux.com,Carla Cork,kr620,704,446,Korea, North
60,Electrician,Darlene_Eaton7406@ovock.tech,Darlene Eaton,f757,202,014,Albania
61,Electrician,Fred_Wallace4662@naiker.biz,Fred Wallace,B$865,956,417,Swaziland
62,Inspector,Goldie_Allen6430@deavo.com,Goldie Allen,Fr708,897,236,Belarus
63,Inspector,Scarlett_Cox8490@sveldo.biz,Scarlett Cox,CFA988,492,055,Croatia
64,Machine Operator,Melanie_James6010@nanoff.biz,Melanie James,c918,477,847,Switzerland
65,Business Broker,Juliet_Roth1531@extex.org,Juliet Roth,kn159,225,220,Vietnam
66,Inspector,John_Huggins7452@gompie.com,John Huggins,Sk660,213,169,Yemen
67,IT Support Staff,Rowan_Rycroft4806@elnee.tech,Rowan Rycroft,Sk240,889,135,Taiwan
68,Health Educator,Rowan_Murray8888@ubusive.com,Rowan Murray,Sk591,308,851,Ethiopia
69,Assistant Buyer,Savannah_Murray7705@kideod.biz,Savannah Murray,B$726,974,937,Fiji
70,Fabricator,Gabriel_Addis1922@joiniaa.com,Gabriel Addis,C$486,349,831,Uzbekistan
71,Systems Administrator,Benjamin_Woods1045@liret.org,Benjamin Woods,RD$920,042,309,Slovenia
72,Cook,Joseph_Rust2764@liret.org,Joseph Rust,HK$132,322,806,Sri Lanka
73,Ambulatory Nurse,Harry_Young4030@sheye.org,Harry Young,HK$620,842,752,Papua New Guinea
74,Biologist,Rita_Crawford9954@twipet.com,Rita Crawford,Ft680,569,087,The Bahamas
75,Cook,Emely_Crawley5677@womeona.net,Emely Crawley,HK$996,082,049,East Timor (Timor-Leste)
76,Staffing Consultant,Jackeline_Yang7408@irrepsy.com,Jackeline Yang,Kcˇ124,090,165,Lesotho
77,Service Supervisor,Cristal_Dixon6944@qater.org,Cristal Dixon,B$576,260,447,Sao Tome and Principe
78,Electrician,Kirsten_Hardwick536@kideod.biz,Kirsten Hardwick,CFA351,638,702,Ukraine
79,Ambulatory Nurse,Zoe_Watson4215@liret.org,Zoe Watson,$654,752,571,Tunisia
80,Inspector,Mason_Uddin7098@sveldo.biz,Mason Uddin,c761,258,514,Uzbekistan
81,Treasurer,Cassandra_Evans8035@gmail.com,Cassandra Evans,C$841,095,691,Korea, South
82,Operator,Celina_Murphy9284@kideod.biz,Celina Murphy,MOP$553,945,409,Dominican Republic
83,Insurance Broker,Charlize_Addison9111@gembat.biz,Charlize Addison,kn955,892,421,Bulgaria
84,Laboratory Technician,Harriet_Jenkins7522@mafthy.com,Harriet Jenkins,B$432,428,740,India
85,HR Coordinator,Leroy_Murphy9220@liret.org,Leroy Murphy,c511,467,692,Montenegro
86,Doctor,Lana_Nicolas6033@acrit.org,Lana Nicolas,f445,639,541,Afghanistan
87,Software Engineer,Rufus_Ellison6092@irrepsy.com,Rufus Ellison,kn977,970,861,Germany
88,Ambulatory Nurse,Rylee_Coates8640@liret.org,Rylee Coates,Tk985,426,475,Bolivia
89,Webmaster,Anthony_Niles6458@irrepsy.com,Anthony Niles,f732,616,409,Croatia
90,CNC Operator,Matthew_Gallacher6788@ovock.tech,Matthew Gallacher,HK$789,451,101,Tonga
91,Systems Administrator,Percy_Atkinson2248@guentu.biz,Percy Atkinson,Ft158,244,852,Armenia
92,Executive Director,Manuel_Harris1595@zorer.org,Manuel Harris,f420,931,403,Saint Vincent and the Grenadines
93,Cashier,Chadwick_Robe4161@famism.biz,Chadwick Robe,C$355,083,055,Latvia
94,Machine Operator,Chad_Rainford4922@muall.tech,Chad Rainford,HK$299,386,154,Greece
95,Cook,Amelia_Graves5544@liret.org,Amelia Graves,Sk738,823,097,Côte d’Ivoire
96,Inspector,Eileen_James6626@zorer.org,Eileen James,B$114,697,912,Cabo Verde
97,Assistant Buyer,George_Wigley5281@twace.org,George Wigley,Kcˇ706,652,171,Comoros
98,Ambulatory Nurse,Eden_Latham7502@jiman.org,Eden Latham,c133,184,686,Guinea
99,Auditor,Fred_Dubois6512@guentu.biz,Fred Dubois,$49,968,946,Costa Rica
100,Healthcare Specialist,Tyler_Cork5032@nimogy.biz,Tyler Cork,kr225,369,734,New Zealand
101,Chef Manager,Analise_Seymour3474@zorer.org,Analise Seymour,B$902,208,002,Croatia
102,Healthcare Specialist,Ron_Mcguire2440@ubusive.com,Ron Mcguire,kr774,128,703,Cameroon
103,Web Developer,Analise_Oatway2616@tonsy.org,Analise Oatway,Fr877,473,871,Malawi
104,Budget Analyst,Havana_Bennett1820@cispeto.com,Havana Bennett,f578,543,855,Samoa
105,Operator,Lucas_Price5299@ovock.tech,Lucas Price,C$991,522,878,Antigua and Barbuda
106,Web Developer,Madelyn_Russell536@typill.biz,Madelyn Russell,Rp326,114,095,Central African Republic
107,Cook,Bryon_Cooper1090@womeona.net,Bryon Cooper,CFA655,400,462,Finland
108,Health Educator,Jennifer_Rowe1655@womeona.net,Jennifer Rowe,c144,518,517,United Kingdom
109,Design Engineer,Marissa_Antcliff3665@deons.tech,Marissa Antcliff,kr364,980,248,Armenia
110,Front Desk Coordinator,Carina_Emmott2691@ovock.tech,Carina Emmott,Tk824,571,649,USA
111,Banker,David_Vallory5149@twipet.com,David Vallory,CFA720,105,696,Netherlands
112,Pharmacist,Anthony_Speed5603@nanoff.biz,Anthony Speed,Ft937,703,144,Norway
113,Staffing Consultant,Adelaide_Payne4238@twipet.com,Adelaide Payne,$54,512,433,Saint Kitts and Nevis
114,Inspector,Gwen_Wheeler2000@muall.tech,Gwen Wheeler,Kcˇ729,793,374,Saudi Arabia
115,Investment  Advisor,Nick_Ellwood3529@jiman.org,Nick Ellwood,B$130,549,352,Algeria
116,Clerk,Teagan_Bishop4655@vetan.org,Teagan Bishop,€602,002,193,Morocco
117,Treasurer,Tony_Stevens5043@dionrab.com,Tony Stevens,CFA595,963,303,Moldova
118,Front Desk Coordinator,Alison_Robertson7707@jiman.org,Alison Robertson,kn256,954,241,Guinea-Bissau
119,Clerk,Bryon_Roberts3357@kideod.biz,Bryon Roberts,HK$213,326,618,Luxembourg
120,Call Center Representative,Chad_Adler5177@elnee.tech,Chad Adler,Sk781,365,122,Korea, South
121,Treasurer,Joseph_May1666@cispeto.com,Joseph May,Tk480,170,697,Chile
122,Food Technologist,Chad_Carpenter3339@extex.org,Chad Carpenter,RD$640,571,351,Macedonia
123,Software Engineer,Chanelle_Healy5319@twipet.com,Chanelle Healy,lei392,898,772,Pakistan
124,Associate Professor,Johnny_Reid7760@deons.tech,Johnny Reid,MOP$525,518,839,Kenya
125,Paramedic,Gabriel_Haines9997@supunk.biz,Gabriel Haines,Rp327,692,857,Iran
126,Staffing Consultant,Tyson_Rose5767@brety.org,Tyson Rose,Sk974,159,762,Cambodia
127,Laboratory Technician,Hayden_Rowe481@acrit.org,Hayden Rowe,f583,634,392,Zimbabwe
128,Banker,Nicholas_Norburn1275@qater.org,Nicholas Norburn,C$992,449,296,Saint Vincent and the Grenadines
129,Clerk,Gil_Price3638@muall.tech,Gil Price,MOP$448,075,911,The Gambia
130,Operator,Daria_Bradshaw2179@typill.biz,Daria Bradshaw,kn167,108,616,Philippines
131,Production Painter,Aleksandra_Pierce3662@yahoo.com,Aleksandra Pierce,Rp898,075,503,Nauru
132,Business Broker,Maxwell_Robertson7712@yahoo.com,Maxwell Robertson,Ft787,963,504,Croatia
133,Doctor,Sloane_Squire2719@bretoux.com,Sloane Squire,f865,761,361,Lesotho
134,Physician,Bryon_Ross4295@corti.com,Bryon Ross,Kr989,230,313,Germany
135,Auditor,Tess_Hopkins9727@zorer.org,Tess Hopkins,f122,686,308,Albania
136,Retail Trainee,Ron_Newton1142@corti.com,Ron Newton,Fr694,033,942,The Gambia
137,Cashier,Logan_Hammond8917@vetan.org,Logan Hammond,c57,618,070,Congo
138,Dentist,Henry_Bryson9249@iatim.tech,Henry Bryson,Tk742,332,797,Slovenia
139,Clerk,Alexia_Harrington5797@iatim.tech,Alexia Harrington,c73,590,807,Sweden
140,Auditor,Hank_Wilde127@nanoff.biz,Hank Wilde,Fr274,765,357,Bhutan
141,Production Painter,Tyson_York7714@nickia.com,Tyson York,Sk521,866,934,Solomon Islands
142,Clerk,Jacob_Gibson3949@bauros.biz,Jacob Gibson,Sk468,065,795,Mauritius
143,Assistant Buyer,Rosalie_Holmes904@cispeto.com,Rosalie Holmes,CFA409,683,413,Belarus
144,Investment  Advisor,Miley_Brock3245@famism.biz,Miley Brock,Sk782,804,910,Paraguay
145,Healthcare Specialist,Boris_Williams9797@vetan.org,Boris Williams,Tk787,195,092,Nigeria
146,Service Supervisor,Mona_Antcliff5526@gmail.com,Mona Antcliff,Kr664,024,396,Nigeria
147,Machine Operator,Nathan_Bryant1959@deavo.com,Nathan Bryant,RD$424,289,748,Germany
148,Design Engineer,Kendra_Sawyer7741@womeona.net,Kendra Sawyer,kr511,300,735,Dominican Republic
149,Steward,Elena_Sheldon7232@elnee.tech,Elena Sheldon,MOP$681,506,958,Monaco
150,Staffing Consultant,Allison_Flack1180@bauros.biz,Allison Flack,CFA165,337,829,Honduras
151,Business Broker,Fred_Brooks6440@nimogy.biz,Fred Brooks,$490,874,885,El Salvador
152,Pharmacist,Josh_Thomson2589@nimogy.biz,Josh Thomson,Kr497,746,306,Belarus
153,Treasurer,Gabriel_King8468@twace.org,Gabriel King,CFA28,323,227,El Salvador
154,Treasurer,Natalie_Moreno3444@guentu.biz,Natalie Moreno,HK$212,309,680,Sri Lanka
155,Accountant,Makenzie_Richards5387@kideod.biz,Makenzie Richards,Kr629,419,636,New Zealand
156,Ambulatory Nurse,Nicholas_Stark3822@ubusive.com,Nicholas Stark,Ft589,980,426,Tunisia
157,Assistant Buyer,Mason_Cadman3789@vetan.org,Mason Cadman,CFA376,523,715,Mongolia
158,Baker,Leroy_Savage645@grannar.com,Leroy Savage,$641,853,718,Slovenia
159,Associate Professor,Maxwell_Warner8459@eirey.tech,Maxwell Warner,RD$608,731,997,Vietnam
160,Systems Administrator,Lucy_Maxwell1996@extex.org,Lucy Maxwell,f447,559,002,Indonesia
161,Doctor,Charlize_Stuart1239@naiker.biz,Charlize Stuart,Sk491,386,643,Kenya
162,Audiologist,Liv_Barclay9902@mafthy.com,Liv Barclay,Tk277,675,797,Maldives
163,Investment  Advisor,Mackenzie_John5569@cispeto.com,Mackenzie John,Kcˇ533,994,530,Djibouti
164,Cashier,Margaret_Funnell8340@bretoux.com,Margaret Funnell,Sk726,572,340,The Gambia
165,Food Technologist,David_Bolton4486@gmail.com,David Bolton,c453,431,470,Costa Rica
166,Ambulatory Nurse,Georgia_Ulyatt8141@bretoux.com,Georgia Ulyatt,kr659,934,329,Costa Rica
167,Production Painter,Hayden_Mcleod9298@jiman.org,Hayden Mcleod,c350,717,505,Portugal
168,Systems Administrator,Janelle_Hunter318@twace.org,Janelle Hunter,Rp949,109,598,Guinea
169,Systems Administrator,Erick_Cooper6068@cispeto.com,Erick Cooper,C$771,435,860,Iran
170,Audiologist,Skylar_Weston5069@corti.com,Skylar Weston,Sk673,832,573,Andorra
171,Audiologist,Liliana_Hardwick1410@nimogy.biz,Liliana Hardwick,HK$974,342,880,Sudan, South
172,Bellman,Martin_Garcia8920@bauros.biz,Martin Garcia,MOP$858,295,927,Trinidad and Tobago
173,Bellman,Erica_Quinn3519@yahoo.com,Erica Quinn,kr354,101,744,Rwanda
174,Staffing Consultant,Madelyn_Harvey6058@twipet.com,Madelyn Harvey,Rp753,798,692,Mauritania
175,Call Center Representative,Helen_Jordan3781@bretoux.com,Helen Jordan,MOP$89,566,237,Greece
176,Healthcare Specialist,Holly_Brock5242@grannar.com,Holly Brock,lei293,522,666,Singapore
177,Bellman,Enoch_Swan6978@nickia.com,Enoch Swan,B$787,020,382,Kosovo
178,Pharmacist,Wendy_Douglas2800@fuliss.net,Wendy Douglas,Ft364,238,532,India
179,HR Coordinator,Naomi_Brown8391@brety.org,Naomi Brown,C$624,944,160,The Gambia
180,HR Coordinator,Makenzie_Dale2185@sveldo.biz,Makenzie Dale,CFA633,453,836,Burkina Faso
181,Bellman,Doug_Hepburn1827@muall.tech,Doug Hepburn,€956,362,746,Eritrea
182,Budget Analyst,Florence_Funnell9018@hourpy.biz,Florence Funnell,B$321,972,925,Somalia
183,Stockbroker,Nick_Mcguire2570@nimogy.biz,Nick Mcguire,kr237,669,332,Guinea-Bissau
184,IT Support Staff,Celia_Everett1768@tonsy.org,Celia Everett,lei438,416,443,Albania
185,Electrician,Anthony_Potts5969@naiker.biz,Anthony Potts,Tk404,472,824,Serbia
186,Budget Analyst,Ethan_Reading6890@famism.biz,Ethan Reading,Kr902,496,712,Comoros
187,Project Manager,Anabel_Allen3763@fuliss.net,Anabel Allen,C$132,306,193,Burkina Faso
188,Food Technologist,Tyler_Ainsworth5321@acrit.org,Tyler Ainsworth,CFA654,446,717,Vanuatu
189,Lecturer,Nathan_Palmer4734@mafthy.com,Nathan Palmer,€439,954,092,Iceland
190,HR Specialist,Michael_Matthews5435@joiniaa.com,Michael Matthews,HK$440,977,609,South Africa
191,Health Educator,Carter_Allen4852@nimogy.biz,Carter Allen,RD$902,558,232,Germany
192,Auditor,Ivette_Mcleod3530@dionrab.com,Ivette Mcleod,f996,257,106,Samoa
193,Retail Trainee,Trisha_Isaac939@guentu.biz,Trisha Isaac,B$289,320,335,Iceland
194,Chef Manager,Alexa_Vollans3253@bauros.biz,Alexa Vollans,f251,672,784,Czech Republic
195,Ambulatory Nurse,Camila_Gilbert9548@deavo.com,Camila Gilbert,Kr114,195,617,Papua New Guinea
196,Health Educator,Lucas_Wright8809@bungar.biz,Lucas Wright,MOP$582,464,666,Luxembourg
197,Retail Trainee,Natalie_Kidd3890@bauros.biz,Natalie Kidd,f560,837,696,Kosovo
198,Health Educator,Maxwell_Porter6952@ubusive.com,Maxwell Porter,$405,484,742,Liechtenstein
199,Design Engineer,Isabella_Collis3871@grannar.com,Isabella Collis,kn577,254,848,Tuvalu
200,Dentist,Barry_Craig5252@guentu.biz,Barry Craig,Kcˇ686,795,184,Saint Kitts and Nevis
201,Bellman,Matt_Salt756@acrit.org,Matt Salt,Kcˇ141,605,001,Chad
202,Ambulatory Nurse,Maxwell_Adler2721@bulaffy.com,Maxwell Adler,Fr933,658,164,Estonia
203,Business Broker,Benny_Hunter6644@ubusive.com,Benny Hunter,Rp990,147,145,Ireland
204,Bellman,Oliver_Logan3540@twipet.com,Oliver Logan,Fr70,800,193,Cuba
205,Paramedic,Benjamin_Long1717@grannar.com,Benjamin Long,CFA550,047,226,Kosovo
206,Healthcare Specialist,Sasha_Alcroft4792@bulaffy.com,Sasha Alcroft,B$300,177,203,Ghana
207,Retail Trainee,Lucas_Fall4275@tonsy.org,Lucas Fall,c7,319,509,Malta
208,Investment  Advisor,Emerald_Lindop4963@qater.org,Emerald Lindop,RD$127,994,778,Micronesia
209,Call Center Representative,Tyler_Herbert2490@qater.org,Tyler Herbert,c637,079,676,Haiti
210,Bellman,Carter_Tate8997@twace.org,Carter Tate,RD$486,708,247,Somalia
211,Paramedic,Sebastian_Roth147@bretoux.com,Sebastian Roth,Tk886,501,379,Belgium
212,Accountant,Lily_Chadwick3082@cispeto.com,Lily Chadwick,Rp276,690,150,Israel
213,Restaurant Manager,Joyce_Kerr1234@gompie.com,Joyce Kerr,Fr344,604,405,Bhutan
214,Food Technologist,Percy_Abbey3702@gompie.com,Percy Abbey,HK$90,635,415,Monaco
215,Paramedic,Javier_Glass31@womeona.net,Javier Glass,€907,688,726,Serbia
216,Retail Trainee,Willow_Ellwood5399@mafthy.com,Willow Ellwood,Kr374,487,816,Marshall Islands
217,Restaurant Manager,Francesca_Uttley2684@elnee.tech,Francesca Uttley,Kcˇ197,534,503,Ghana
218,Dentist,Javier_Tait2333@gompie.com,Javier Tait,kr231,059,937,South Africa
219,Chef Manager,Alan_Price3949@nanoff.biz,Alan Price,B$677,813,061,Sierra Leone
220,Bellman,Leroy_Lane9765@nanoff.biz,Leroy Lane,RD$67,870,457,Madagascar
221,Pharmacist,Leroy_Fields2928@bulaffy.com,Leroy Fields,kn650,249,828,Denmark
222,Design Engineer,Vera_Collis1336@grannar.com,Vera Collis,lei328,930,664,Algeria
223,Cook,Gwen_Ballard7587@dionrab.com,Gwen Ballard,MOP$493,180,339,The Gambia
224,Loan Officer,Hazel_Swan2731@eirey.tech,Hazel Swan,Rp866,551,168,Solomon Islands
225,Insurance Broker,Peter_Quinton1812@muall.tech,Peter Quinton,Tk6,026,715,Sudan
226,Fabricator,Chadwick_Mooney5249@naiker.biz,Chadwick Mooney,CFA384,950,059,Oman
227,Mobile Developer,Julius_Murphy8845@nickia.com,Julius Murphy,lei206,342,960,Kiribati
228,Pharmacist,Michael_Jennson9727@twipet.com,Michael Jennson,Ft129,756,052,Micronesia
229,Treasurer,Anthony_Khan8042@ovock.tech,Anthony Khan,Kr728,733,799,China
230,Bookkeeper,Harmony_Bryant4104@mafthy.com,Harmony Bryant,Ft324,158,089,Comoros
231,Cashier,William_Snell397@tonsy.org,William Snell,Kr147,772,162,San Marino
232,Insurance Broker,Adelaide_Vaughan6536@jiman.org,Adelaide Vaughan,Kr141,432,535,Mauritania
233,Web Developer,Mona_Knight5314@vetan.org,Mona Knight,MOP$968,156,611,Tuvalu
234,Machine Operator,Chuck_Driscoll3931@eirey.tech,Chuck Driscoll,c307,741,883,Panama
235,Health Educator,Ronald_Marshall7415@mafthy.com,Ronald Marshall,Ft769,194,362,Guatemala
236,Loan Officer,Elle_Farrant3867@womeona.net,Elle Farrant,CFA542,771,277,New Zealand
237,Biologist,Nate_White166@fuliss.net,Nate White,c508,907,217,Slovenia
238,Healthcare Specialist,Margaret_Thompson5623@deavo.com,Margaret Thompson,Rp888,601,031,Bulgaria
239,Project Manager,Bart_Wilde3902@twipet.com,Bart Wilde,c736,757,644,Grenada
240,Associate Professor,Maxwell_Latham2387@brety.org,Maxwell Latham,Ft662,023,343,Nauru
241,Clerk,Ron_Freeburn6470@deavo.com,Ron Freeburn,€251,824,238,Bolivia
242,Food Technologist,Hailey_Poulton9122@acrit.org,Hailey Poulton,Kr681,607,530,Uzbekistan
243,Pharmacist,Hanna_Nayler342@eirey.tech,Hanna Nayler,Ft571,163,100,Kenya
244,Cook,Tara_Leslie1298@ovock.tech,Tara Leslie,HK$532,845,659,Gabon
245,Webmaster,Gil_Dwyer5058@gmail.com,Gil Dwyer,B$8,284,566,Mali
246,Ambulatory Nurse,Olivia_Pond4774@bauros.biz,Olivia Pond,CFA432,220,014,Tuvalu
247,Assistant Buyer,Abdul_Thatcher476@hourpy.biz,Abdul Thatcher,C$776,335,189,Lithuania
248,Project Manager,Mason_Walsh7148@bauros.biz,Mason Walsh,kr592,856,509,Lebanon
249,Dentist,Makena_Bradley6676@eirey.tech,Makena Bradley,MOP$563,257,523,Armenia
250,Loan Officer,Deborah_Kelly436@twipet.com,Deborah Kelly,$220,454,240,Bolivia
251,Software Engineer,Anthony_Nicholls9125@sveldo.biz,Anthony Nicholls,$435,718,690,Uzbekistan
252,Healthcare Specialist,Johnathan_Harper5747@grannar.com,Johnathan Harper,Fr170,018,655,Nepal
253,Pharmacist,Megan_Burnley8881@famism.biz,Megan Burnley,kr38,862,900,Myanmar
254,Bookkeeper,Amelia_Mccall9100@atink.com,Amelia Mccall,Sk226,128,716,Chad
255,Baker,Peter_Allwood6119@typill.biz,Peter Allwood,Kcˇ227,067,887,Tajikistan
256,Budget Analyst,Angelique_Hale6648@nimogy.biz,Angelique Hale,B$281,049,633,Saint Lucia
257,Electrician,Crystal_Appleton7016@extex.org,Crystal Appleton,$642,801,900,Sudan
258,Dentist,Chris_Scott2711@iatim.tech,Chris Scott,Kr419,708,342,Saudi Arabia
259,Bookkeeper,Thea_Selby4312@kideod.biz,Thea Selby,$253,677,949,Italy
260,Operator,Jade_Mitchell4361@qater.org,Jade Mitchell,Rp812,889,797,Costa Rica
261,Lecturer,Ciara_Kelly737@bulaffy.com,Ciara Kelly,Ft420,286,860,Sri Lanka
262,HR Specialist,Rebecca_Durrant450@acrit.org,Rebecca Durrant,f464,751,623,Zimbabwe
263,Staffing Consultant,Daria_Cork7059@gompie.com,Daria Cork,Sk669,788,537,Sudan
264,Bookkeeper,Daron_Brown279@liret.org,Daron Brown,RD$361,167,042,Eritrea
265,Cashier,Zara_Becker1326@deavo.com,Zara Becker,C$707,666,909,Saudi Arabia
266,Assistant Buyer,Logan_Ulyatt3401@grannar.com,Logan Ulyatt,Fr626,899,216,Tajikistan
267,Health Educator,Alan_Bryant5605@bretoux.com,Alan Bryant,$768,831,298,Côte d’Ivoire
268,Design Engineer,Morgan_Bailey8720@infotech44.tech,Morgan Bailey,Kcˇ888,617,421,Nicaragua
269,Audiologist,Mabel_Uttley2760@bauros.biz,Mabel Uttley,Rp436,107,104,Vanuatu
270,Stockbroker,Chad_Eastwood7454@infotech44.tech,Chad Eastwood,Ft681,465,987,Mozambique
271,Service Supervisor,Clint_Wilkinson1875@typill.biz,Clint Wilkinson,lei861,905,064,Mongolia
272,Audiologist,Leilani_Dixon5426@ubusive.com,Leilani Dixon,Tk132,006,465,Libya
273,Healthcare Specialist,Phillip_Heaton9291@dionrab.com,Phillip Heaton,CFA632,228,521,Paraguay
274,Budget Analyst,Bernadette_Baldwin9896@deons.tech,Bernadette Baldwin,lei940,050,086,Taiwan
275,Accountant,Chad_Kennedy1510@elnee.tech,Chad Kennedy,c516,633,655,Trinidad and Tobago
276,Banker,Nina_Robe6889@brety.org,Nina Robe,Rp796,599,768,Singapore
277,Healthcare Specialist,Josh_Coleman4701@bauros.biz,Josh Coleman,HK$332,317,960,Kyrgyzstan
278,Clerk,Barry_Booth9552@naiker.biz,Barry Booth,MOP$920,896,121,Spain
279,Baker,Marie_Nash4470@infotech44.tech,Marie Nash,Rp85,452,559,Nigeria
280,Laboratory Technician,Bethany_Rigg5373@gompie.com,Bethany Rigg,B$348,561,753,Serbia
281,Chef Manager,Rosie_Lowe146@guentu.biz,Rosie Lowe,$547,526,906,Mali
282,Healthcare Specialist,Wade_Randall8008@grannar.com,Wade Randall,€334,144,728,Cyprus
283,Healthcare Specialist,Jayden_Button5494@jiman.org,Jayden Button,f420,803,677,Liechtenstein
284,Physician,Phillip_Swift4134@guentu.biz,Phillip Swift,c827,475,195,Madagascar
285,Biologist,Bart_Reynolds3458@iatim.tech,Bart Reynolds,lei376,396,841,Sao Tome and Principe
286,Business Broker,Danny_Riley8112@naiker.biz,Danny Riley,Sk900,109,767,Finland
287,Cash Manager,Sebastian_Newman5508@elnee.tech,Sebastian Newman,C$49,314,989,Paraguay
288,Audiologist,Drew_Niles2668@ovock.tech,Drew Niles,Kcˇ126,894,806,Mauritania
289,Healthcare Specialist,Havana_Thorpe790@liret.org,Havana Thorpe,c891,622,587,Costa Rica
290,HR Coordinator,Valerie_Graham3357@ovock.tech,Valerie Graham,HK$379,475,814,Moldova
291,Service Supervisor,Daria_Bloom2386@zorer.org,Daria Bloom,Fr621,057,097,Saint Lucia
292,HR Specialist,Eden_Weldon3612@ovock.tech,Eden Weldon,CFA939,433,359,Angola
293,Machine Operator,Georgia_King1530@qater.org,Georgia King,Kcˇ991,381,588,Lesotho
294,Service Supervisor,Amelia_Simmons9307@womeona.net,Amelia Simmons,kn335,119,853,Oman
295,Restaurant Manager,Domenic_King563@brety.org,Domenic King,Fr496,835,486,Tuvalu
296,Audiologist,Kurt_Stevenson2674@jiman.org,Kurt Stevenson,Rp745,075,532,Liechtenstein
297,Accountant,Maria_Eastwood2837@deavo.com,Maria Eastwood,RD$147,038,172,Uganda
298,Mobile Developer,Michaela_Becker3930@corti.com,Michaela Becker,Fr175,445,798,Trinidad and Tobago
299,Global Logistics Supervisor,Michael_Murray2575@twace.org,Michael Murray,Ft234,837,208,Brunei
300,Cash Manager,Alma_Shields5999@mafthy.com,Alma Shields,€228,996,637,Yemen
301,Designer,Julian_Fisher4754@womeona.net,Julian Fisher,Kr431,369,852,Czech Republic
302,Food Technologist,Mark_Malone8533@zorer.org,Mark Malone,c518,234,303,Central African Republic
303,Investment  Advisor,Kieth_Gilmour4783@iatim.tech,Kieth Gilmour,Sk180,354,193,Nepal
304,Business Broker,Louise_Forth1647@acrit.org,Louise Forth,kn944,559,427,Nauru
305,Biologist,Bryon_Gray7367@gmail.com,Bryon Gray,kr875,601,073,Mexico
306,Insurance Broker,Nicholas_Lloyd7133@extex.org,Nicholas Lloyd,Rp622,184,240,Togo
307,Ambulatory Nurse,Mason_Steer5575@hourpy.biz,Mason Steer,kn196,580,514,Cyprus
308,Stockbroker,Martin_Poulton5886@fuliss.net,Martin Poulton,lei618,987,022,Singapore
309,Investment  Advisor,Nate_Murray9754@kideod.biz,Nate Murray,c877,172,577,Cabo Verde
310,Ambulatory Nurse,Skylar_Murray3433@nanoff.biz,Skylar Murray,kr239,681,255,Latvia
311,Systems Administrator,Clint_Edwards8793@extex.org,Clint Edwards,Sk135,915,782,Barbados
312,Clerk,Zara_Baker2030@twace.org,Zara Baker,kn629,975,326,Bosnia and Herzegovina
313,Restaurant Manager,Norah_Mason3502@kideod.biz,Norah Mason,kn601,349,606,Trinidad and Tobago
314,Electrician,Kurt_Yang7882@qater.org,Kurt Yang,$17,884,481,Denmark
315,Software Engineer,Domenic_Button940@mafthy.com,Domenic Button,Sk803,077,028,Morocco
316,Design Engineer,Percy_Sherwood8774@nanoff.biz,Percy Sherwood,kr330,203,257,Sudan
317,Cook,Sloane_Michael6552@joiniaa.com,Sloane Michael,c800,717,397,Yemen
318,Bellman,Elise_Briggs7801@supunk.biz,Elise Briggs,c131,397,008,Malaysia
319,Retail Trainee,Abdul_Myatt2927@deavo.com,Abdul Myatt,Kr84,024,905,Dominica
320,Chef Manager,Bart_Parker58@typill.biz,Bart Parker,HK$324,468,477,Equatorial Guinea
321,Design Engineer,Ryan_Griffiths8494@deons.tech,Ryan Griffiths,CFA976,778,797,Solomon Islands
322,Operator,Alan_Durrant1203@sheye.org,Alan Durrant,c681,658,304,Sweden
323,Executive Director,Analise_Ross4894@ovock.tech,Analise Ross,kr744,838,130,Somalia
324,Audiologist,David_Antcliff9352@infotech44.tech,David Antcliff,C$290,158,431,Albania
325,Lecturer,Cherish_Niles2393@fuliss.net,Cherish Niles,Rp823,153,291,San Marino
326,Electrician,Michael_Anderson8545@twace.org,Michael Anderson,Sk978,943,804,Mali
327,Business Broker,Denis_Wilkinson4659@ovock.tech,Denis Wilkinson,$837,755,837,Botswana
328,IT Support Staff,Celia_Morgan892@eirey.tech,Celia Morgan,Tk141,841,968,Dominican Republic
329,Restaurant Manager,Sofie_Warren9318@acrit.org,Sofie Warren,CFA21,059,789,Nepal
330,Software Engineer,Daron_Jones865@brety.org,Daron Jones,$193,689,060,Romania
331,Design Engineer,Luna_Hopkinson1007@mafthy.com,Luna Hopkinson,c970,874,854,Afghanistan
332,CNC Operator,Benjamin_Freeburn1207@ovock.tech,Benjamin Freeburn,kr946,693,193,Turkmenistan
333,Machine Operator,Mark_Patel3093@corti.com,Mark Patel,Rp43,419,532,Vatican City
334,Design Engineer,Amelia_Russell2005@elnee.tech,Amelia Russell,C$683,738,290,Vatican City
335,Loan Officer,Ember_Emmett1928@zorer.org,Ember Emmett,kn786,385,909,Guatemala
336,Systems Administrator,Abbey_Mccormick2550@grannar.com,Abbey Mccormick,Ft54,417,390,Panama
337,Assistant Buyer,Camellia_Griffiths850@jiman.org,Camellia Griffiths,RD$559,579,108,Sudan, South
338,Cash Manager,Chester_Bristow5131@sveldo.biz,Chester Bristow,f347,847,563,Marshall Islands
339,Baker,Mark_Janes5939@brety.org,Mark Janes,Rp19,976,313,Philippines
340,Clerk,Michael_Lowe9351@guentu.biz,Michael Lowe,B$383,087,635,Indonesia
341,Physician,Elise_Russell8183@irrepsy.com,Elise Russell,C$496,752,887,Guatemala
342,Assistant Buyer,Lily_Graham1690@yahoo.com,Lily Graham,B$126,976,110,Bhutan
343,Chef Manager,Sydney_Wilde3091@bauros.biz,Sydney Wilde,c973,004,319,Dominica
344,Cashier,Chris_Avery225@infotech44.tech,Chris Avery,lei231,043,074,Iceland
345,Electrician,Ember_Paterson7996@nickia.com,Ember Paterson,MOP$836,899,888,Mali
346,Accountant,Bryon_Gordon8384@extex.org,Bryon Gordon,$807,886,643,Malawi
347,Electrician,Joseph_Wheeler4707@womeona.net,Joseph Wheeler,Kcˇ397,965,220,Chile
348,Web Developer,Willow_Dallas2876@joiniaa.com,Willow Dallas,B$87,082,728,Dominica
349,Loan Officer,Doug_Thomson1692@acrit.org,Doug Thomson,kr991,974,604,Venezuela
350,Steward,Camellia_Ebbs4235@joiniaa.com,Camellia Ebbs,lei665,183,935,Mauritius
351,Health Educator,Chester_Samuel7638@jiman.org,Chester Samuel,$416,273,490,Myanmar
352,Biologist,Tom_Alldridge1196@naiker.biz,Tom Alldridge,$918,392,460,Switzerland
353,Doctor,Maria_Wright9383@yahoo.com,Maria Wright,$125,629,389,United Arab Emirates
354,Global Logistics Supervisor,Cedrick_Rossi1667@womeona.net,Cedrick Rossi,c149,035,507,Swaziland
355,Budget Analyst,Samara_Corbett4536@iatim.tech,Samara Corbett,Rp357,397,558,Belgium
356,Food Technologist,Peter_Duvall7045@eirey.tech,Peter Duvall,Tk511,366,799,Nauru
357,Production Painter,Emma_Edwards9208@qater.org,Emma Edwards,$342,465,458,Kazakhstan
358,Budget Analyst,Denis_Clarke5053@extex.org,Denis Clarke,B$770,422,431,Angola
359,Front Desk Coordinator,Enoch_Carson1803@cispeto.com,Enoch Carson,€818,947,528,Mauritania
360,Investment  Advisor,Quinn_Watt3418@fuliss.net,Quinn Watt,C$456,936,272,Kosovo
361,Treasurer,Lucas_Stewart6068@atink.com,Lucas Stewart,Rp178,357,825,Zambia
362,Insurance Broker,Johnny_Robinson8495@gembat.biz,Johnny Robinson,MOP$61,895,632,Trinidad and Tobago
363,Loan Officer,Leanne_Rust5848@sheye.org,Leanne Rust,€494,050,996,Spain
364,CNC Operator,Maribel_Cooper4355@dionrab.com,Maribel Cooper,kr12,464,351,Venezuela
365,Steward,Leroy_Driscoll1229@liret.org,Leroy Driscoll,lei711,793,045,Guatemala
366,Clerk,Janice_Matthews328@ovock.tech,Janice Matthews,HK$373,224,588,Namibia
367,Software Engineer,Vanessa_Allington3589@hourpy.biz,Vanessa Allington,Rp739,269,336,Sierra Leone
368,Treasurer,Sienna_Huggins687@corti.com,Sienna Huggins,f259,241,557,Vatican City
369,Clerk,Kieth_Shaw2965@sheye.org,Kieth Shaw,f823,632,754,Papua New Guinea
370,Clerk,Alexander_Woods1780@nimogy.biz,Alexander Woods,CFA174,112,546,United Kingdom
371,Web Developer,Rae_Oliver8882@gmail.com,Rae Oliver,c200,166,606,Turkey
372,Business Broker,Nick_Ring9841@twipet.com,Nick Ring,f413,520,981,Luxembourg
373,Front Desk Coordinator,Maxwell_Turner793@nickia.com,Maxwell Turner,kr385,627,092,Liechtenstein
374,Staffing Consultant,Jack_Hancock2967@muall.tech,Jack Hancock,kr279,828,353,Thailand
375,Physician,Carl_Dann1912@mafthy.com,Carl Dann,Sk4,807,139,Austria
376,Audiologist,Domenic_Nayler1527@deavo.com,Domenic Nayler,kn939,649,352,Oman
377,Ambulatory Nurse,Alessandra_Flett9168@naiker.biz,Alessandra Flett,f862,294,168,Suriname
378,Ambulatory Nurse,Rowan_Radcliffe5860@nickia.com,Rowan Radcliffe,Kcˇ186,623,702,China
379,CNC Operator,Adalie_Nurton3608@nanoff.biz,Adalie Nurton,Sk191,611,211,South Africa
380,Project Manager,Anabelle_Knight5172@vetan.org,Anabelle Knight,Kcˇ813,291,268,Croatia
381,Associate Professor,Audrey_Huggins5924@iatim.tech,Audrey Huggins,kr527,720,190,Papua New Guinea
382,Treasurer,Claire_Hepburn6572@elnee.tech,Claire Hepburn,B$228,312,201,Finland
383,Staffing Consultant,Luke_Wilson6745@eirey.tech,Luke Wilson,$781,020,738,Malta
384,Health Educator,Margot_Mccall5643@bretoux.com,Margot Mccall,Tk837,478,182,Mexico
385,Clerk,Meredith_Cassidy1208@qater.org,Meredith Cassidy,Kr489,548,858,Egypt
386,CNC Operator,Jane_Stone 7147@elnee.tech,Jane Stone ,MOP$537,921,582,Germany
387,Designer,Natalie_Stewart1@dionrab.com,Natalie Stewart,$428,710,687,Vatican City
388,Production Painter,Mike_Plant5188@sveldo.biz,Mike Plant,lei433,564,508,Uganda
389,Investment  Advisor,Sofia_Lee7945@corti.com,Sofia Lee,Kr749,896,621,Iceland
390,Inspector,Lorraine_Terry8322@famism.biz,Lorraine Terry,HK$853,979,222,Macedonia
391,Fabricator,Noah_Rose1692@gompie.com,Noah Rose,Rp631,877,744,Uruguay
392,Health Educator,Sara_Rossi6489@iatim.tech,Sara Rossi,B$925,498,587,Comoros
393,Inspector,Roger_Thompson8776@ovock.tech,Roger Thompson,Rp672,769,995,Papua New Guinea
394,Steward,Alice_Kennedy7065@grannar.com,Alice Kennedy,HK$27,536,808,Morocco
395,Loan Officer,Daniel_Thorne6376@dionrab.com,Daniel Thorne,Kcˇ801,136,558,Chile
396,Physician,Stella_Connell5513@nanoff.biz,Stella Connell,kn440,157,549,Australia
397,Cook,Fiona_Stewart8913@supunk.biz,Fiona Stewart,lei967,496,279,Egypt
398,Chef Manager,Alexander_Lane1945@mafthy.com,Alexander Lane,kn353,186,230,Mozambique
399,Ambulatory Nurse,Sharon_Watson8846@eirey.tech,Sharon Watson,Sk980,069,751,Turkey
400,Auditor,Crystal_Rose8430@naiker.biz,Crystal Rose,f566,741,424,San Marino
401,Healthcare Specialist,Piper_Fields9060@nanoff.biz,Piper Fields,C$296,035,064,Lithuania
402,Executive Director,Tiffany_Jacobs4897@infotech44.tech,Tiffany Jacobs,Fr33,240,359,Philippines
403,CNC Operator,Emerald_Jenkin5821@gmail.com,Emerald Jenkin,Kcˇ963,499,364,Slovakia
404,Physician,Rufus_Olson6982@kideod.biz,Rufus Olson,RD$847,235,866,Zambia
405,Stockbroker,Chanelle_Nayler4269@typill.biz,Chanelle Nayler,€190,656,434,Ethiopia
406,Software Engineer,Margot_Larsen9682@atink.com,Margot Larsen,Tk555,485,563,Rwanda
407,Electrician,Allison_Jones634@iatim.tech,Allison Jones,Rp33,494,832,India
408,IT Support Staff,Boris_Stone362@kideod.biz,Boris Stone,€523,907,838,Belarus
409,Bellman,Madelyn_Roth9329@eirey.tech,Madelyn Roth,HK$314,054,521,Chad
410,Banker,Gina_Matthews7575@ovock.tech,Gina Matthews,HK$825,820,577,Samoa
411,Investment  Advisor,Isabella_Keys3766@fuliss.net,Isabella Keys,lei343,005,699,Iran
412,Food Technologist,Adina_Utterson4524@bungar.biz,Adina Utterson,Ft508,021,518,Mozambique
413,Paramedic,Chelsea_Gunn1061@grannar.com,Chelsea Gunn,HK$971,408,709,Georgia
414,Audiologist,Erin_Vass1291@typill.biz,Erin Vass,Rp233,310,778,Thailand
415,Project Manager,Rylee_Glynn6773@ovock.tech,Rylee Glynn,Fr42,904,718,Namibia
416,Service Supervisor,Leslie_Wheeler5285@sheye.org,Leslie Wheeler,MOP$116,190,868,Kenya
417,Banker,Callie_Michael4486@elnee.tech,Callie Michael,C$495,931,192,Belgium
418,Service Supervisor,Emma_Wade4803@liret.org,Emma Wade,$331,051,638,Botswana
419,Front Desk Coordinator,Phillip_Khan2366@liret.org,Phillip Khan,Kr985,723,756,Bhutan
420,Project Manager,Rosalee_Riley2973@supunk.biz,Rosalee Riley,f86,969,536,Zimbabwe
421,Treasurer,Kenzie_Barclay534@extex.org,Kenzie Barclay,lei864,099,860,United Kingdom
422,Webmaster,Sabrina_Niles5772@jiman.org,Sabrina Niles,€176,910,359,Morocco
423,Software Engineer,Jackeline_Williams6610@bauros.biz,Jackeline Williams,CFA162,353,929,Georgia
424,Biologist,Kamila_Booth8412@elnee.tech,Kamila Booth,Kcˇ980,985,337,San Marino
425,Executive Director,Penelope_Bolton3113@irrepsy.com,Penelope Bolton,kn913,222,894,Fiji
426,Webmaster,Leroy_Gordon3768@nickia.com,Leroy Gordon,lei624,031,408,Korea, North
427,Bookkeeper,Sofie_Neville7743@elnee.tech,Sofie Neville,MOP$196,724,116,Guatemala
428,Cashier,Gil_Russell9259@nanoff.biz,Gil Russell,Tk587,059,205,Azerbaijan
429,Banker,Chuck_Knight9866@fuliss.net,Chuck Knight,HK$276,296,301,Guinea
430,Clerk,Stella_May1027@womeona.net,Stella May,Kr313,142,836,Kiribati
431,Treasurer,Ron_Watson9702@naiker.biz,Ron Watson,RD$663,169,720,Azerbaijan
432,Accountant,Phoebe_Tindall5684@tonsy.org,Phoebe Tindall,c446,049,723,Malaysia
433,Mobile Developer,Lauren_Russell6178@corti.com,Lauren Russell,Fr258,101,355,Serbia
434,Associate Professor,Tyler_Turner5582@bungar.biz,Tyler Turner,€933,939,566,Canada
435,Assistant Buyer,Mike_Page 668@tonsy.org,Mike Page ,Rp147,535,262,Thailand
436,Business Broker,Vera_Whitmore8334@deons.tech,Vera Whitmore,Ft610,420,191,Spain
437,Web Developer,Gwen_Drake5794@zorer.org,Gwen Drake,€77,539,607,Dominica
438,Service Supervisor,Sara_Uttridge1941@acrit.org,Sara Uttridge,c479,068,279,New Zealand
439,Web Developer,Lynn_Robinson6579@cispeto.com,Lynn Robinson,$290,629,755,Taiwan
440,Software Engineer,Emely_Graves7275@gmail.com,Emely Graves,Tk693,700,150,Canada
441,Steward,Jackeline_Hancock20@guentu.biz,Jackeline Hancock,HK$891,951,918,Spain
442,Lecturer,Rick_Vallins1742@jiman.org,Rick Vallins,Rp597,915,183,Seychelles
443,CNC Operator,Rosie_Clark7613@eirey.tech,Rosie Clark,Fr488,101,172,Kenya
444,Pharmacist,Kurt_Salt5155@gembat.biz,Kurt Salt,Fr417,999,150,Czech Republic
445,Operator,Fred_Harris1203@twipet.com,Fred Harris,kn509,574,056,Taiwan
446,Banker,Jessica_Cowan364@bungar.biz,Jessica Cowan,Tk90,990,758,Malaysia
447,HR Coordinator,Julia_Osman6790@jiman.org,Julia Osman,c809,733,695,Syria
448,Insurance Broker,Gabriel_Newman9430@bretoux.com,Gabriel Newman,€573,435,668,Papua New Guinea
449,Operator,Hazel_Mcleod6268@zorer.org,Hazel Mcleod,MOP$189,056,413,Kazakhstan
450,Retail Trainee,Ryan_Allwood2359@liret.org,Ryan Allwood,MOP$964,919,642,Togo
451,Associate Professor,Zoe_Barrett4971@kideod.biz,Zoe Barrett,lei597,633,428,Burkina Faso
452,Banker,Luke_Avery5588@nimogy.biz,Luke Avery,RD$573,609,878,Ireland
453,Lecturer,Rosalie_Simpson2484@bauros.biz,Rosalie Simpson,Rp206,357,894,Burkina Faso
454,Cashier,Sebastian_Waterhouse9847@ovock.tech,Sebastian Waterhouse,MOP$320,249,980,Guinea
455,Retail Trainee,Marjorie_Verdon9160@sheye.org,Marjorie Verdon,c211,171,260,Belize
456,Investment  Advisor,Judith_Malone3720@guentu.biz,Judith Malone,Kcˇ129,275,492,Ghana
457,Assistant Buyer,Ethan_Lunt2317@gmail.com,Ethan Lunt,f579,454,721,Uruguay
458,Restaurant Manager,Owen_Stubbs8463@jiman.org,Owen Stubbs,Ft988,657,546,China
459,CNC Operator,Greta_Reyes9594@liret.org,Greta Reyes,RD$722,665,608,Georgia
460,Electrician,Sadie_Driscoll9186@eirey.tech,Sadie Driscoll,kn569,315,753,Chad
461,Doctor,Rosa_Lewin6495@vetan.org,Rosa Lewin,C$900,869,205,Turkmenistan
462,Retail Trainee,Leah_Gray7946@twipet.com,Leah Gray,c283,827,387,Bahrain
463,CNC Operator,Percy_Squire8460@gembat.biz,Percy Squire,f456,411,204,South Africa
464,Webmaster,Javier_Kaur4071@brety.org,Javier Kaur,Sk290,298,681,Yemen
465,Budget Analyst,Robyn_Gilmore2717@grannar.com,Robyn Gilmore,Tk84,909,386,Panama
466,Insurance Broker,Madelyn_Tindall6466@sveldo.biz,Madelyn Tindall,Sk542,562,995,Marshall Islands
467,Restaurant Manager,Bree_Gregory8772@bretoux.com,Bree Gregory,kn715,156,631,Malawi
468,Physician,Bart_Lee3904@acrit.org,Bart Lee,lei763,028,259,United Kingdom
469,Production Painter,Ally_Addley983@irrepsy.com,Ally Addley,lei352,127,269,United Kingdom
470,Lecturer,Peter_Wise4378@kideod.biz,Peter Wise,f963,978,274,East Timor (Timor-Leste)
471,Stockbroker,Percy_Middleton4609@yahoo.com,Percy Middleton,$938,707,487,United Kingdom
472,Design Engineer,Amelia_Moreno7703@bretoux.com,Amelia Moreno,Ft479,674,988,Croatia
473,Executive Director,Brooklyn_Aldridge4332@gompie.com,Brooklyn Aldridge,kr249,316,753,Bulgaria
474,Inspector,Jayden_Cox7988@qater.org,Jayden Cox,RD$737,708,618,Palau
475,Food Technologist,Jade_Ogilvy1275@twipet.com,Jade Ogilvy,Ft970,044,397,Switzerland
476,Retail Trainee,Elle_Allington5840@typill.biz,Elle Allington,CFA449,554,258,Mali
477,IT Support Staff,Mandy_Whitehouse6364@gembat.biz,Mandy Whitehouse,Ft468,953,726,Thailand
478,Front Desk Coordinator,Michael_Jefferson6257@supunk.biz,Michael Jefferson,c446,996,945,Guatemala
479,Bellman,Analise_Webster5786@irrepsy.com,Analise Webster,kr206,911,808,Kuwait
480,Project Manager,Denis_Watson364@bretoux.com,Denis Watson,€436,989,875,Latvia
481,Lecturer,Jessica_Terry3014@fuliss.net,Jessica Terry,f67,284,564,Albania
482,Audiologist,Daniel_Yates3934@fuliss.net,Daniel Yates,Kcˇ663,061,018,Cabo Verde
483,Operator,Angela_Maxwell9536@naiker.biz,Angela Maxwell,Tk495,190,636,Korea, North
484,Accountant,Trisha_Welsch9056@bulaffy.com,Trisha Welsch,c115,956,438,Israel
485,Auditor,Joseph_Adams9398@womeona.net,Joseph Adams,Sk91,221,123,El Salvador
486,Lecturer,Caleb_Burnley6747@supunk.biz,Caleb Burnley,C$536,055,634,Tunisia
487,Restaurant Manager,Maxwell_Rainford677@deavo.com,Maxwell Rainford,MOP$284,737,807,Solomon Islands
488,Laboratory Technician,Jackeline_Denton3669@ubusive.com,Jackeline Denton,Ft724,412,768,New Zealand
489,Chef Manager,Felicity_Yarwood2263@womeona.net,Felicity Yarwood,MOP$925,140,872,Eritrea
490,Doctor,Cassandra_Torres869@muall.tech,Cassandra Torres,$610,614,120,Morocco
491,Operator,Maia_Redwood7620@infotech44.tech,Maia Redwood,$192,809,020,Yemen
492,Paramedic,Sydney_Harris8608@dionrab.com,Sydney Harris,Fr335,358,513,Iran
493,Loan Officer,Ada_Turner1955@yahoo.com,Ada Turner,Rp632,712,308,Mexico
494,Physician,Joy_Abbey7521@typill.biz,Joy Abbey,Rp683,731,181,Montenegro
495,Production Painter,Tiffany_Fenton2174@elnee.tech,Tiffany Fenton,RD$239,670,920,El Salvador
496,Ambulatory Nurse,Kamila_Barclay3017@sheye.org,Kamila Barclay,Tk914,270,589,Mexico
497,Dentist,Adalie_Cooper7535@typill.biz,Adalie Cooper,HK$189,434,952,Cuba
498,Call Center Representative,Lexi_Greenwood6903@bretoux.com,Lexi Greenwood,€733,002,204,Czech Republic
499,Auditor,Alan_Plant4071@gembat.biz,Alan Plant,c841,960,688,Kuwait
500,Investment  Advisor,Julian_Fields4481@sheye.org,Julian Fields,f35,361,747,Croatia
501,Healthcare Specialist,Brad_Stone 1294@nimogy.biz,Brad Stone ,Sk36,273,811,Sao Tome and Principe
502,Bookkeeper,Erick_Nicholls1664@guentu.biz,Erick Nicholls,MOP$718,110,102,Turkey
503,Webmaster,Carter_Mcgee7443@iatim.tech,Carter Mcgee,lei875,723,983,Moldova
504,Investment  Advisor,Josh_Notman7136@twipet.com,Josh Notman,C$888,870,996,Mexico
505,Insurance Broker,Manuel_Hale5259@womeona.net,Manuel Hale,RD$531,835,568,Chad
506,Banker,Kimberly_Dyson3739@grannar.com,Kimberly Dyson,HK$288,992,344,Comoros
507,Healthcare Specialist,Rocco_Mcguire3426@tonsy.org,Rocco Mcguire,CFA88,717,990,Kiribati
508,Banker,Chloe_Brown4744@jiman.org,Chloe Brown,f657,530,031,Oman
509,Ambulatory Nurse,Ron_Greenwood9860@deavo.com,Ron Greenwood,B$582,643,106,Cabo Verde
510,Front Desk Coordinator,Jayden_Higgs9620@naiker.biz,Jayden Higgs,lei790,295,217,Suriname
511,Baker,Makenzie_Hunt3014@extex.org,Makenzie Hunt,Fr411,883,139,Algeria
512,Executive Director,Alexander_Ranks3359@gmail.com,Alexander Ranks,Kr170,024,273,Laos
513,Cashier,Raquel_Mills9589@guentu.biz,Raquel Mills,f23,418,644,Hungary
514,Paramedic,Jenna_Herbert5837@naiker.biz,Jenna Herbert,Fr363,238,238,Sao Tome and Principe
515,Food Technologist,Sydney_Nayler2853@liret.org,Sydney Nayler,Tk900,032,702,Kazakhstan
516,Insurance Broker,Fred_Squire5316@ubusive.com,Fred Squire,C$751,491,641,Slovenia
517,Cashier,Jade_Bryson7481@fuliss.net,Jade Bryson,kr706,359,510,Turkey
518,Doctor,Harvey_Anderson2588@typill.biz,Harvey Anderson,Kr511,058,859,Mexico
519,Insurance Broker,Lily_Vincent4746@mafthy.com,Lily Vincent,Rp440,413,198,Montenegro
520,Clerk,Janelle_Miller6592@dionrab.com,Janelle Miller,Ft600,190,162,Congo
521,Treasurer,Barney_Oliver5350@infotech44.tech,Barney Oliver,lei626,455,086,Mexico
522,Business Broker,Sofia_Kelly359@gompie.com,Sofia Kelly,Tk22,764,964,Central African Republic
523,Cook,Rita_Amstead3732@irrepsy.com,Rita Amstead,Kcˇ865,885,334,Guinea
524,Inspector,Agnes_Davies4643@grannar.com,Agnes Davies,f45,587,196,Comoros
525,Cook,Francesca_Ulyatt4839@famism.biz,Francesca Ulyatt,MOP$382,967,468,Saudi Arabia
526,Project Manager,Carter_Morley4203@brety.org,Carter Morley,$553,912,152,Malawi
527,Dentist,Crystal_Hobson9908@typill.biz,Crystal Hobson,Ft983,491,956,China
528,Staffing Consultant,Esmeralda_Furnell4979@bretoux.com,Esmeralda Furnell,Sk241,976,780,Angola
529,Operator,Anthony_Vince6392@nimogy.biz,Anthony Vince,kn681,086,409,Mexico
530,Business Broker,Danny_Dyson7499@gompie.com,Danny Dyson,Fr559,481,289,Brunei
531,Service Supervisor,Wade_Kaur1672@famism.biz,Wade Kaur,HK$746,430,788,Algeria
532,IT Support Staff,Aiden_Rust4367@bulaffy.com,Aiden Rust,Sk858,209,426,Romania
533,Health Educator,Phillip_Carter6307@typill.biz,Phillip Carter,c350,936,329,Thailand
534,Budget Analyst,Chadwick_Ashwell3480@sheye.org,Chadwick Ashwell,C$521,126,411,Luxembourg
535,Cash Manager,Denis_Brooks1047@supunk.biz,Denis Brooks,C$672,338,106,Uganda
536,Physician,Sarah_Bailey8815@grannar.com,Sarah Bailey,Kcˇ786,300,156,Yemen
537,Project Manager,Carmen_Ward1139@dionrab.com,Carmen Ward,Ft98,454,688,Gabon
538,Production Painter,Georgia_Gardner9926@corti.com,Georgia Gardner,Kr430,141,390,Zimbabwe
539,Laboratory Technician,Claire_Stanton4595@cispeto.com,Claire Stanton,Kcˇ785,168,338,Niger
540,Stockbroker,Samantha_Mitchell3336@jiman.org,Samantha Mitchell,kr917,904,967,Venezuela
541,Webmaster,Kieth_Larsen5403@qater.org,Kieth Larsen,c728,089,342,Liberia
542,Bookkeeper,Russel_Garner1585@twace.org,Russel Garner,Kr730,940,595,Afghanistan
543,Cashier,Rae_Hilton1160@irrepsy.com,Rae Hilton,CFA864,226,329,Mexico
544,Software Engineer,Jaylene_Nanton9585@nimogy.biz,Jaylene Nanton,Sk288,727,889,Afghanistan
545,Physician,Maxwell_Lyon8060@naiker.biz,Maxwell Lyon,HK$163,316,203,Albania
546,Associate Professor,Alice_Allen1829@infotech44.tech,Alice Allen,lei101,709,335,Palau
547,Loan Officer,Isabel_Gibbons8494@ubusive.com,Isabel Gibbons,RD$165,001,599,Papua New Guinea
548,Investment  Advisor,Cynthia_Gibbons8799@gmail.com,Cynthia Gibbons,Sk455,502,134,Pakistan
549,Machine Operator,Rihanna_Coleman121@twipet.com,Rihanna Coleman,Rp806,751,703,Kuwait
550,Bellman,Dorothy_Mackenzie6239@naiker.biz,Dorothy Mackenzie,kn336,883,227,Dominican Republic
551,Retail Trainee,Benny_Driscoll1836@kideod.biz,Benny Driscoll,Kr593,368,226,Ireland
552,Physician,Payton_Dixon9835@jiman.org,Payton Dixon,$349,885,152,Chad
553,Software Engineer,Makenzie_Hunter7195@extex.org,Makenzie Hunter,Ft707,338,163,Saudi Arabia
554,Bookkeeper,Gwen_Cowan118@guentu.biz,Gwen Cowan,Rp18,403,248,Madagascar
555,Production Painter,Ethan_Bolton1294@twipet.com,Ethan Bolton,kn466,378,425,Bhutan
556,Executive Director,Jamie_Reese3367@nickia.com,Jamie Reese,Rp954,090,341,Albania
557,Operator,Florence_Amstead4689@dionrab.com,Florence Amstead,€408,042,408,Bosnia and Herzegovina
558,Assistant Buyer,Chad_Emmott8054@womeona.net,Chad Emmott,RD$755,690,282,Haiti
559,Lecturer,Anne_Vollans150@muall.tech,Anne Vollans,€445,426,780,Germany
560,Web Developer,George_Hunter1719@guentu.biz,George Hunter,Kcˇ630,537,323,The Gambia
561,Lecturer,Boris_Hilton2555@gmail.com,Boris Hilton,Kcˇ202,371,407,Libya
562,Ambulatory Nurse,Elise_Upton2198@typill.biz,Elise Upton,Sk482,088,485,Côte d’Ivoire
563,Service Supervisor,Tony_Warner3740@bulaffy.com,Tony Warner,Rp731,670,108,Paraguay
564,Operator,Carter_Richards4538@gmail.com,Carter Richards,CFA828,122,774,Philippines
565,Steward,Caleb_Ebbs1447@ubusive.com,Caleb Ebbs,$524,216,655,Mongolia
566,Insurance Broker,Margot_Raven2647@twace.org,Margot Raven,RD$342,574,626,Ecuador
567,Webmaster,Dasha_Taylor5209@acrit.org,Dasha Taylor,RD$41,314,075,Estonia
568,Cashier,Hayden_Chapman4186@nimogy.biz,Hayden Chapman,Fr665,156,096,India
569,Biologist,Sebastian_Dixon1347@cispeto.com,Sebastian Dixon,$911,129,759,Lesotho
570,Webmaster,Ciara_Wright4348@guentu.biz,Ciara Wright,kr503,035,112,Niger
571,Executive Director,Greta_Wellington4195@irrepsy.com,Greta Wellington,lei218,733,323,Bangladesh
572,Systems Administrator,Charlotte_Rixon1598@mafthy.com,Charlotte Rixon,€344,364,407,Bahrain
573,Budget Analyst,Liam_Edler9266@elnee.tech,Liam Edler,kr590,499,468,Rwanda
574,Stockbroker,Anne_Hopkinson1850@cispeto.com,Anne Hopkinson,f591,841,657,Brunei
575,Cook,Jaylene_Ross5232@sveldo.biz,Jaylene Ross,B$842,170,982,Congo, Republic of the
576,Software Engineer,Chloe_Tait1889@twipet.com,Chloe Tait,MOP$698,338,323,Denmark
577,Cashier,Enoch_Russell8688@infotech44.tech,Enoch Russell,Ft642,702,153,France
578,Electrician,Matt_Ianson3882@dionrab.com,Matt Ianson,Kcˇ276,263,641,Mozambique
579,Fabricator,Peter_Evans9203@famism.biz,Peter Evans,Kcˇ772,439,083,Austria
580,CNC Operator,Candace_Vince1819@bretoux.com,Candace Vince,c256,582,639,Chad
581,Bookkeeper,Diane_Yang9413@bungar.biz,Diane Yang,C$400,151,445,Turkmenistan
582,Cook,Eileen_Waterson9621@ubusive.com,Eileen Waterson,MOP$174,331,743,Kenya
583,Cashier,Jacob_Wilton9673@bungar.biz,Jacob Wilton,MOP$676,326,996,Saudi Arabia
584,Food Technologist,Michael_Swift7810@eirey.tech,Michael Swift,Kr22,376,088,Sao Tome and Principe
585,Treasurer,Barry_Reynolds8398@atink.com,Barry Reynolds,kn958,771,384,Togo
586,Clerk,Percy_Umney7894@brety.org,Percy Umney,HK$158,770,320,Norway
587,Inspector,Tara_Rixon7848@dionrab.com,Tara Rixon,kr793,669,966,Burkina Faso
588,Treasurer,Clint_Murphy4200@ovock.tech,Clint Murphy,Ft224,712,253,Ireland
589,Service Supervisor,Sloane_Gilbert6161@bauros.biz,Sloane Gilbert,CFA642,258,638,Macedonia
590,Chef Manager,Meredith_Matthews8737@kideod.biz,Meredith Matthews,B$744,308,742,Peru
591,Retail Trainee,Clarissa_Appleton957@muall.tech,Clarissa Appleton,Ft965,831,174,Uganda
592,Designer,Oliver_Sylvester960@jiman.org,Oliver Sylvester,f169,748,563,Venezuela
593,Design Engineer,Lucas_Latham8642@bretoux.com,Lucas Latham,€875,612,580,Malta
594,Design Engineer,Manuel_Hall6362@deavo.com,Manuel Hall,kn631,238,798,East Timor (Timor-Leste)
595,Auditor,Chester_Cameron4331@nimogy.biz,Chester Cameron,MOP$856,750,831,Kosovo
596,Healthcare Specialist,Josh_Hill5890@hourpy.biz,Josh Hill,MOP$760,292,360,Peru
597,Web Developer,Cadence_Allen3285@jiman.org,Cadence Allen,Fr823,285,890,Serbia
598,Bellman,Alba_Douglas3567@twipet.com,Alba Douglas,Rp855,947,569,Guinea
599,Chef Manager,Johnny_Appleton1917@liret.org,Johnny Appleton,RD$526,201,940,Ireland
600,Investment  Advisor,Rosa_Talbot5812@corti.com,Rosa Talbot,Kcˇ648,431,218,Botswana
601,HR Specialist,Harvey_Bryson3742@bauros.biz,Harvey Bryson,Kcˇ993,270,673,Korea, North
602,Inspector,Carl_Uttridge2890@ovock.tech,Carl Uttridge,CFA24,944,170,Algeria
603,Systems Administrator,Goldie_Farrant5019@infotech44.tech,Goldie Farrant,Kcˇ752,629,939,Saint Lucia
604,Mobile Developer,Martin_Emerson8166@corti.com,Martin Emerson,C$176,835,734,Marshall Islands
605,Physician,George_Eyres1665@bungar.biz,George Eyres,Sk213,647,135,Jordan
606,Web Developer,Dalia_Ellery3407@gompie.com,Dalia Ellery,HK$580,618,520,Croatia
607,IT Support Staff,Ron_Farrow2411@sveldo.biz,Ron Farrow,Fr644,239,551,Libya
608,Electrician,Jules_Rose700@acrit.org,Jules Rose,Kcˇ750,705,995,Madagascar
609,Food Technologist,Sara_Rixon2200@zorer.org,Sara Rixon,Kcˇ508,693,245,San Marino
610,Bellman,Kassandra_Hilton8952@gompie.com,Kassandra Hilton,c440,882,433,Malawi
611,Staffing Consultant,Lillian_Bullock2705@ovock.tech,Lillian Bullock,RD$454,362,335,Sao Tome and Principe
612,Biologist,Clint_Glynn5689@grannar.com,Clint Glynn,$987,636,947,Mongolia
613,Treasurer,Emely_Mcneill6939@ubusive.com,Emely Mcneill,Rp845,408,915,Solomon Islands
614,Systems Administrator,Rita_Grant9439@ubusive.com,Rita Grant,Kr497,159,085,Mauritius
615,Insurance Broker,Alessia_Nobbs8960@corti.com,Alessia Nobbs,Tk439,411,885,Pakistan
616,Treasurer,Michael_Wright1651@typill.biz,Michael Wright,kr851,664,828,Sweden
617,Production Painter,Peter_Robinson4344@grannar.com,Peter Robinson,Tk507,937,690,Colombia
618,Doctor,Benny_Olivier9518@atink.com,Benny Olivier,HK$358,966,701,Azerbaijan
619,Assistant Buyer,Amelia_Wright6473@bauros.biz,Amelia Wright,Kcˇ834,532,538,Maldives
620,Machine Operator,Doug_Griffiths4545@typill.biz,Doug Griffiths,€892,699,353,Vatican City
621,HR Specialist,Sloane_Glynn3529@vetan.org,Sloane Glynn,Kcˇ915,668,667,Vietnam
622,Biologist,Alexia_Middleton1286@deons.tech,Alexia Middleton,Ft830,029,289,Hungary
623,Electrician,Mason_Harris8875@jiman.org,Mason Harris,€89,252,932,Central African Republic
624,IT Support Staff,Owen_Quinn2251@typill.biz,Owen Quinn,B$437,782,300,Fiji
625,Accountant,Clint_Mitchell6852@deavo.com,Clint Mitchell,Tk638,595,369,Bhutan
626,Audiologist,Elle_Yarlett447@bretoux.com,Elle Yarlett,Fr289,116,407,Egypt
627,Fabricator,Boris_Dickson1561@extex.org,Boris Dickson,kr868,431,419,Jamaica
628,Call Center Representative,Kaylee_Chapman1544@infotech44.tech,Kaylee Chapman,Rp848,456,375,Andorra
629,Biologist,Matthew_Samuel4318@joiniaa.com,Matthew Samuel,RD$612,820,725,Mauritania
630,Laboratory Technician,Megan_Martin6841@gmail.com,Megan Martin,Kr338,475,673,Barbados
631,Electrician,Bob_Rodgers6895@dionrab.com,Bob Rodgers,lei98,339,997,Palau
632,Staffing Consultant,Maggie_Shelton3700@brety.org,Maggie Shelton,B$923,067,470,Japan
633,Baker,Harry_Lowe8436@grannar.com,Harry Lowe,B$340,943,417,Peru
634,Stockbroker,Alexia_Scott4466@famism.biz,Alexia Scott,Ft709,311,997,Bhutan
635,Ambulatory Nurse,Boris_Patel7894@extex.org,Boris Patel,Rp212,772,156,East Timor (Timor-Leste)
636,Electrician,Andrea_Ward1989@acrit.org,Andrea Ward,Ft358,105,961,Saint Vincent and the Grenadines
637,Clerk,Irene_Corbett6923@bretoux.com,Irene Corbett,Fr344,720,128,Angola
638,Executive Director,Eve_Gray2344@sveldo.biz,Eve Gray,C$394,272,053,Saint Lucia
639,Web Developer,Clint_Farrant8045@deavo.com,Clint Farrant,Kcˇ262,447,503,Georgia
640,Machine Operator,Caleb_Jobson7082@bungar.biz,Caleb Jobson,RD$629,571,664,China
641,Stockbroker,Martin_Nelson3329@jiman.org,Martin Nelson,CFA219,029,654,Saudi Arabia
642,Electrician,Eileen_Hill7620@kideod.biz,Eileen Hill,Ft668,193,191,Denmark
643,Project Manager,Candice_Whitehouse3354@guentu.biz,Candice Whitehouse,Rp817,656,421,Romania
644,HR Specialist,Josh_Holmes1741@gompie.com,Josh Holmes,Kr636,930,Iran
645,HR Specialist,Ruth_Morley3738@bretoux.com,Ruth Morley,c192,141,409,Nigeria
646,Stockbroker,Bryon_Walsh4039@muall.tech,Bryon Walsh,CFA146,229,319,Haiti
647,Pharmacist,Michael_Evans4580@deavo.com,Michael Evans,c62,694,875,Albania
648,Pharmacist,Shelby_Potter1429@dionrab.com,Shelby Potter,RD$583,230,729,Fiji
649,CNC Operator,Trisha_Sanchez4169@typill.biz,Trisha Sanchez,f358,952,971,Rwanda
650,Chef Manager,Alex_Ellison4249@naiker.biz,Alex Ellison,RD$182,948,115,Brunei
651,Assistant Buyer,William_Chadwick3571@hourpy.biz,William Chadwick,kn560,422,864,Germany
652,Cashier,Sabrina_Johnson3026@twace.org,Sabrina Johnson,RD$131,226,673,Cameroon
653,Audiologist,George_Fleming5259@irrepsy.com,George Fleming,Kcˇ302,798,143,Burundi
654,Cash Manager,Danny_Weatcroft5265@elnee.tech,Danny Weatcroft,lei577,497,246,South Africa
655,Laboratory Technician,Chuck_Yard3542@acrit.org,Chuck Yard,HK$681,173,459,United Kingdom
656,Accountant,Dorothy_Tennant6384@dionrab.com,Dorothy Tennant,Sk411,773,628,United Arab Emirates
657,Global Logistics Supervisor,Jocelyn_Shelton7333@guentu.biz,Jocelyn Shelton,C$584,669,864,Ukraine
658,Paramedic,Alba_Richards8867@bulaffy.com,Alba Richards,RD$394,522,546,Cabo Verde
659,Budget Analyst,Marvin_Vaughn273@jiman.org,Marvin Vaughn,Ft471,117,547,Tonga
660,Mobile Developer,Aurelia_Shaw9986@fuliss.net,Aurelia Shaw,lei949,216,188,Taiwan
661,Treasurer,Gil_Cattell1273@kideod.biz,Gil Cattell,€826,892,855,Mexico
662,Global Logistics Supervisor,Elena_Middleton7922@famism.biz,Elena Middleton,C$172,502,524,Taiwan
663,Fabricator,Stephanie_Silva5785@muall.tech,Stephanie Silva,c890,091,381,Cambodia
664,Webmaster,Doug_Kidd4201@twipet.com,Doug Kidd,RD$848,716,895,Israel
665,Associate Professor,Sage_Price8399@grannar.com,Sage Price,HK$753,767,747,Syria
666,Machine Operator,Anthony_Asher6418@vetan.org,Anthony Asher,kn902,419,401,China
667,Baker,Leanne_Gaynor7220@sveldo.biz,Leanne Gaynor,c331,592,841,Comoros
668,Insurance Broker,Harmony_Hammond4458@gompie.com,Harmony Hammond,kn695,476,845,Fiji
669,Project Manager,Michelle_Shields4655@jiman.org,Michelle Shields,Kr990,330,523,Ireland
670,Clerk,Tony_Richards9150@muall.tech,Tony Richards,MOP$653,345,515,Finland
671,Pharmacist,Denis_Doherty3989@muall.tech,Denis Doherty,RD$525,261,786,Seychelles
672,Accountant,Rosie_Groves2335@vetan.org,Rosie Groves,CFA16,322,234,Kyrgyzstan
673,Systems Administrator,Javier_Lewis2415@infotech44.tech,Javier Lewis,C$826,920,761,Libya
674,Front Desk Coordinator,Bryon_Walker2726@tonsy.org,Bryon Walker,Rp619,421,564,Mozambique
675,Project Manager,Nick_Lewis2121@bungar.biz,Nick Lewis,kn455,502,456,Romania
676,Systems Administrator,Selena_Tyrrell1935@infotech44.tech,Selena Tyrrell,CFA748,517,646,Sudan
677,Call Center Representative,Matt_Maxwell3031@liret.org,Matt Maxwell,kr994,175,144,India
678,Associate Professor,Ramon_Hall6447@cispeto.com,Ramon Hall,Fr66,474,989,Korea, North
679,Designer,Adina_Jenkins279@infotech44.tech,Adina Jenkins,$425,579,931,United Kingdom
680,Audiologist,Ellen_Hancock7877@atink.com,Ellen Hancock,kn740,199,397,Malta
681,HR Specialist,Regina_Reynolds8772@womeona.net,Regina Reynolds,c455,351,731,Portugal
682,Stockbroker,Kimberly_Pratt4543@zorer.org,Kimberly Pratt,kn803,472,549,Lesotho
683,Clerk,Oliver_Uttley7493@infotech44.tech,Oliver Uttley,€384,752,369,Spain
684,Lecturer,John_Jefferson3690@infotech44.tech,John Jefferson,Sk475,749,168,Comoros
685,Investment  Advisor,Chester_Knight6672@irrepsy.com,Chester Knight,Kr644,721,116,Mauritania
686,Retail Trainee,Angelique_Rixon4470@gmail.com,Angelique Rixon,B$946,411,410,Paraguay
687,Health Educator,Deborah_Evans1951@famism.biz,Deborah Evans,Kr950,521,191,Solomon Islands
688,Mobile Developer,Nick_Larsen1434@jiman.org,Nick Larsen,B$894,300,789,Korea, South
689,Biologist,Fiona_Connell3511@jiman.org,Fiona Connell,Tk801,631,593,Nicaragua
690,Designer,Alba_Kaur2453@sheye.org,Alba Kaur,Kcˇ381,561,125,Panama
691,Call Center Representative,Julius_Lewin1841@mafthy.com,Julius Lewin,$849,941,442,Andorra
692,Webmaster,Clint_Carter5130@iatim.tech,Clint Carter,Rp575,198,666,Moldova
693,Insurance Broker,Chris_Exton9381@gompie.com,Chris Exton,RD$37,933,721,Liechtenstein
694,Bellman,Nathan_Samuel3804@bauros.biz,Nathan Samuel,lei579,485,886,Greece
695,Executive Director,Peter_Cann323@famism.biz,Peter Cann,f952,584,896,Costa Rica
696,Biologist,Anthony_Mason1158@atink.com,Anthony Mason,Sk713,302,107,Costa Rica
697,Assistant Buyer,Noah_Jarrett1140@bungar.biz,Noah Jarrett,Sk696,077,811,Malaysia
698,Lecturer,Jayden_Bristow3946@typill.biz,Jayden Bristow,€197,771,026,Mali
699,Cook,Carissa_Denton7921@elnee.tech,Carissa Denton,Ft790,605,703,Colombia
700,Doctor,Hayden_Sylvester6262@typill.biz,Hayden Sylvester,c525,312,374,Egypt
701,Inspector,Sharon_Silva9306@extex.org,Sharon Silva,Fr283,123,134,Korea, North
702,Inspector,Enoch_Calderwood7027@vetan.org,Enoch Calderwood,Kr566,836,446,Bolivia
703,Design Engineer,Kieth_Payne1483@kideod.biz,Kieth Payne,$603,202,753,Tanzania
704,Insurance Broker,Lynn_Thomson9860@ovock.tech,Lynn Thomson,Fr958,014,715,Libya
705,Systems Administrator,Harry_Warner3638@muall.tech,Harry Warner,RD$40,051,673,El Salvador
706,Doctor,Chadwick_Palmer2292@gompie.com,Chadwick Palmer,kr707,537,053,Papua New Guinea
707,Global Logistics Supervisor,Alan_Gardner2939@sveldo.biz,Alan Gardner,lei937,874,674,Malaysia
708,Biologist,Javier_Janes5937@dionrab.com,Javier Janes,$603,915,572,Solomon Islands
709,Executive Director,Miriam_Rust3478@naiker.biz,Miriam Rust,HK$531,088,619,Trinidad and Tobago
710,Lecturer,Adalie_Dixon5575@acrit.org,Adalie Dixon,Kr974,394,600,Nigeria
711,Webmaster,Rihanna_Booth7088@mafthy.com,Rihanna Booth,Ft17,388,598,Central African Republic
712,Front Desk Coordinator,Benny_Malone4792@grannar.com,Benny Malone,Sk207,253,614,Cyprus
713,Ambulatory Nurse,Johnny_Sanchez7777@deavo.com,Johnny Sanchez,f238,809,582,Nigeria
714,Bookkeeper,Rufus_Mould7593@corti.com,Rufus Mould,RD$406,326,588,Greece
715,Baker,Martin_Zaoui5925@vetan.org,Martin Zaoui,kn421,875,061,USA
716,Design Engineer,Danny_Mason5304@ubusive.com,Danny Mason,Rp785,753,701,Nicaragua
717,Stockbroker,Analise_Turner6253@famism.biz,Analise Turner,CFA674,467,854,Nicaragua
718,Assistant Buyer,Leslie_Malone7853@acrit.org,Leslie Malone,c867,529,772,Antigua and Barbuda
719,Investment  Advisor,Kurt_Slater273@tonsy.org,Kurt Slater,Ft914,901,657,Myanmar
720,Assistant Buyer,Stella_Hamilton8386@guentu.biz,Stella Hamilton,Sk983,816,688,Turkey
721,Front Desk Coordinator,Evelynn_Brown9505@cispeto.com,Evelynn Brown,RD$180,517,030,Guinea
722,Accountant,Davina_Morrow3159@muall.tech,Davina Morrow,kn437,707,532,Marshall Islands
723,Banker,Nicholas_White7026@acrit.org,Nicholas White,$562,329,872,Austria
724,Bookkeeper,William_Whittle4073@ubusive.com,William Whittle,C$343,867,624,Eritrea
725,HR Coordinator,David_Crawford8505@infotech44.tech,David Crawford,$684,736,018,Chile
726,Assistant Buyer,Chadwick_Evans5588@typill.biz,Chadwick Evans,kn318,456,075,Afghanistan
727,HR Coordinator,Aiden_Camden9736@naiker.biz,Aiden Camden,€673,826,172,Sao Tome and Principe
728,Executive Director,Oliver_Barrett7182@deons.tech,Oliver Barrett,MOP$134,166,102,Nauru
729,Pharmacist,George_Roberts227@corti.com,George Roberts,B$642,573,116,South Africa
730,Cash Manager,Harry_Willson7486@hourpy.biz,Harry Willson,HK$192,511,447,Macedonia
731,Dentist,Harvey_Leslie1515@nanoff.biz,Harvey Leslie,Sk257,046,462,Vanuatu
732,Auditor,Clarissa_Leslie5@deavo.com,Clarissa Leslie,Fr6,214,694,Papua New Guinea
733,Call Center Representative,Greta_Walsh7078@bauros.biz,Greta Walsh,Ft368,087,028,Austria
734,Call Center Representative,Carter_Kaur466@womeona.net,Carter Kaur,Kcˇ537,280,759,Togo
735,Restaurant Manager,Doug_Newton6163@gmail.com,Doug Newton,RD$581,401,747,India
736,Ambulatory Nurse,Mark_Parker6812@yahoo.com,Mark Parker,Sk536,070,819,Croatia
737,Global Logistics Supervisor,Cedrick_Healy7643@ubusive.com,Cedrick Healy,kr397,162,094,Dominican Republic
738,Treasurer,Carmella_Bell893@gembat.biz,Carmella Bell,f686,435,694,Pakistan
739,Webmaster,Charlize_Richardson4005@bretoux.com,Charlize Richardson,Fr197,984,789,USA
740,Assistant Buyer,Vanessa_Dobson7583@muall.tech,Vanessa Dobson,€186,024,747,Argentina
741,Pharmacist,Liliana_Riley5928@nimogy.biz,Liliana Riley,$248,552,736,Taiwan
742,Audiologist,Liam_Cassidy1042@gompie.com,Liam Cassidy,C$587,670,758,Kyrgyzstan
743,Bookkeeper,Selena_Adams747@brety.org,Selena Adams,Kr725,472,306,Marshall Islands
744,Staffing Consultant,Celina_Richards9359@liret.org,Celina Richards,CFA374,677,819,Burkina Faso
745,Steward,Gemma_Whittle6448@ovock.tech,Gemma Whittle,MOP$251,138,282,Guinea
746,Electrician,Erick_Hardwick2856@vetan.org,Erick Hardwick,B$650,445,506,Grenada
747,Food Technologist,Anthony_Patel5069@zorer.org,Anthony Patel,€494,423,350,Ukraine
748,Doctor,Hayden_Paterson8513@guentu.biz,Hayden Paterson,Kcˇ360,221,039,Singapore
749,Accountant,Josh_Huggins3942@twipet.com,Josh Huggins,f142,090,250,Lesotho
750,Associate Professor,Cadence_Radcliffe6070@vetan.org,Cadence Radcliffe,Sk357,876,718,Czech Republic
751,Design Engineer,Barry_Horton5006@typill.biz,Barry Horton,MOP$135,456,092,Liberia
752,Pharmacist,Bryon_Purvis9523@naiker.biz,Bryon Purvis,Sk847,384,168,Morocco
753,Business Broker,Domenic_Bailey535@elnee.tech,Domenic Bailey,Tk3,354,426,Zimbabwe
754,Service Supervisor,Logan_Amstead4083@grannar.com,Logan Amstead,Sk923,004,599,Tanzania
755,Budget Analyst,Tom_Connor9326@sheye.org,Tom Connor,lei120,514,637,Kenya
756,Cash Manager,Scarlett_Radley5848@mafthy.com,Scarlett Radley,lei491,359,902,Seychelles
757,Treasurer,Rhea_Jarrett6253@womeona.net,Rhea Jarrett,RD$788,535,432,Serbia
758,Designer,Megan_Plant7406@iatim.tech,Megan Plant,Rp690,119,924,Korea, South
759,Chef Manager,Barney_Taylor7489@irrepsy.com,Barney Taylor,Fr23,510,790,Ireland
760,Biologist,Janelle_Khan3035@nimogy.biz,Janelle Khan,RD$996,774,347,Slovakia
761,Laboratory Technician,Anthony_Sinclair1524@bretoux.com,Anthony Sinclair,Ft324,396,816,Qatar
762,Investment  Advisor,Mayleen_Scott5470@qater.org,Mayleen Scott,$837,633,401,Botswana
763,IT Support Staff,Rocco_Janes7823@famism.biz,Rocco Janes,Rp695,739,922,Macedonia
764,Restaurant Manager,Blake_Lindop8@supunk.biz,Blake Lindop,RD$572,399,621,New Zealand
765,Food Technologist,Bristol_Jacobs3731@acrit.org,Bristol Jacobs,lei388,965,160,Kyrgyzstan
766,Call Center Representative,Eve_Kelly2000@hourpy.biz,Eve Kelly,€608,145,438,Bosnia and Herzegovina
767,Front Desk Coordinator,Lucas_Oakley7904@jiman.org,Lucas Oakley,C$328,631,282,Central African Republic
768,Fabricator,Sydney_Forester7345@gembat.biz,Sydney Forester,Kcˇ817,291,997,Sudan
769,Bookkeeper,Danny_Connell882@womeona.net,Danny Connell,HK$677,381,533,Guinea-Bissau
770,Service Supervisor,Melanie_Jobson2860@dionrab.com,Melanie Jobson,Kr449,899,723,Bosnia and Herzegovina
771,Lecturer,Abdul_Lambert527@hourpy.biz,Abdul Lambert,CFA29,184,645,Denmark
772,Physician,Adina_Plumb9754@gmail.com,Adina Plumb,f924,810,504,Honduras
773,CNC Operator,Chester_Zaoui520@grannar.com,Chester Zaoui,Fr772,239,939,Gabon
774,Systems Administrator,Harry_Rose7146@grannar.com,Harry Rose,kn856,706,497,Nigeria
775,Design Engineer,Claire_Norman5659@iatim.tech,Claire Norman,Kcˇ525,778,010,Moldova
776,Software Engineer,Mike_Shea2030@brety.org,Mike Shea,B$308,212,374,Cyprus
777,Business Broker,Angelica_Blackwall3510@typill.biz,Angelica Blackwall,CFA754,448,439,Haiti
778,Systems Administrator,Rufus_Redden6354@gompie.com,Rufus Redden,RD$956,012,592,New Zealand
779,Bookkeeper,Abdul_Pearson2642@infotech44.tech,Abdul Pearson,kn646,645,187,Somalia
780,Assistant Buyer,Gil_Tutton7206@womeona.net,Gil Tutton,c959,187,799,Belarus
781,Physician,Brooklyn_Purvis5722@vetan.org,Brooklyn Purvis,Rp366,228,014,Laos
782,Physician,Lillian_Jones1877@bauros.biz,Lillian Jones,Fr987,763,564,Liberia
783,Associate Professor,Roger_Reid3314@muall.tech,Roger Reid,$587,641,661,Singapore
784,Cook,Percy_Robertson6936@qater.org,Percy Robertson,MOP$198,155,871,Lebanon
785,Call Center Representative,Bryon_Rust7239@iatim.tech,Bryon Rust,€704,518,916,East Timor (Timor-Leste)
786,Treasurer,Tess_Zaoui9739@cispeto.com,Tess Zaoui,HK$308,351,568,Mauritania
787,Clerk,Ivy_Patel8752@brety.org,Ivy Patel,HK$284,729,356,Pakistan
788,Fabricator,Julia_Hancock5834@atink.com,Julia Hancock,lei52,868,786,Poland
789,Bellman,Kimberly_Roscoe9404@infotech44.tech,Kimberly Roscoe,MOP$652,099,381,Chile
790,Mobile Developer,Doug_Wren7817@liret.org,Doug Wren,kr131,765,783,Bahrain
791,HR Specialist,Andie_Warner488@yahoo.com,Andie Warner,MOP$96,688,412,Namibia
792,Accountant,Francesca_Eaton5761@qater.org,Francesca Eaton,$940,094,975,Latvia
793,Machine Operator,Lucy_Reading8659@gmail.com,Lucy Reading,Rp941,414,559,Yemen
794,Bookkeeper,Cedrick_Douglas4563@acrit.org,Cedrick Douglas,kr468,946,298,Thailand
795,Machine Operator,Stephanie_Curtis5921@twace.org,Stephanie Curtis,Sk430,811,613,Bulgaria
796,Project Manager,Maria_Crawley1080@womeona.net,Maria Crawley,CFA562,442,681,Gabon
797,Service Supervisor,Monica_Donnelly6612@hourpy.biz,Monica Donnelly,B$515,927,152,Colombia
798,Associate Professor,Harmony_Isaac7548@nanoff.biz,Harmony Isaac,lei803,665,929,Nauru
799,Insurance Broker,Julianna_Doherty8432@twace.org,Julianna Doherty,CFA657,489,890,Moldova
800,Chef Manager,Tom_Jacobs758@twipet.com,Tom Jacobs,RD$257,415,611,Brazil
801,Production Painter,Denny_Hudson852@jiman.org,Denny Hudson,c526,989,543,Monaco
802,Dentist,Angel_Wise4221@deons.tech,Angel Wise,B$391,344,144,Iran
803,Bookkeeper,Julian_Bryson7624@elnee.tech,Julian Bryson,Fr246,217,964,Taiwan
804,Executive Director,Tony_Harrington291@muall.tech,Tony Harrington,HK$206,244,615,Israel
805,Baker,Doris_Thomson3280@supunk.biz,Doris Thomson,c146,967,197,Sao Tome and Principe
806,Pharmacist,Rosie_Seymour8380@bungar.biz,Rosie Seymour,CFA206,613,935,France
807,Cook,Leroy_Shelton2420@bulaffy.com,Leroy Shelton,lei561,178,568,Sierra Leone
808,Web Developer,Harry_Campbell1679@grannar.com,Harry Campbell,C$887,601,884,Mongolia
809,Restaurant Manager,Evelynn_Attwood5700@iatim.tech,Evelynn Attwood,Sk1,813,133,Bosnia and Herzegovina
810,Web Developer,Anne_Vass6096@hourpy.biz,Anne Vass,Sk144,874,207,Trinidad and Tobago
811,Web Developer,Eryn_Clarke3127@nimogy.biz,Eryn Clarke,RD$481,134,365,Iraq
812,Food Technologist,Nina_Alldridge9891@typill.biz,Nina Alldridge,CFA982,664,569,Uruguay
813,Loan Officer,Jayden_Wilde220@corti.com,Jayden Wilde,RD$455,952,995,Germany
814,IT Support Staff,Adela_Robinson9092@corti.com,Adela Robinson,c850,578,799,United Arab Emirates
815,Biologist,William_Vallins7839@sheye.org,William Vallins,MOP$595,293,527,Nepal
816,Laboratory Technician,Cadence_Mitchell6108@womeona.net,Cadence Mitchell,lei717,530,482,Kenya
817,Bellman,Kieth_Townend8441@qater.org,Kieth Townend,$978,359,525,Cyprus
818,Bellman,Agnes_Norton4371@tonsy.org,Agnes Norton,lei284,960,123,Montenegro
819,HR Coordinator,Dani_Rixon3869@bretoux.com,Dani Rixon,c292,909,725,Liechtenstein
820,Pharmacist,Ally_Tailor6684@atink.com,Ally Tailor,C$402,636,070,Mauritania
821,Stockbroker,Nathan_Matthews7642@bungar.biz,Nathan Matthews,Sk110,917,834,Sudan
822,Biologist,Alexander_Eaton1436@ubusive.com,Alexander Eaton,$298,932,116,Belize
823,Health Educator,Hank_Ingram9292@infotech44.tech,Hank Ingram,kr882,033,074,Korea, South
824,Staffing Consultant,Rachael_Downing1954@qater.org,Rachael Downing,Tk666,484,510,Russia
825,Software Engineer,Jules_Shepherd7563@ovock.tech,Jules Shepherd,Kcˇ536,472,843,Ecuador
826,Accountant,Javier_James8366@muall.tech,Javier James,C$554,200,528,Samoa
827,Doctor,Crystal_Hale8688@twace.org,Crystal Hale,RD$884,397,000,Benin
828,Project Manager,Jacob_Slater3424@elnee.tech,Jacob Slater,f814,713,937,Somalia
829,Chef Manager,Leslie_Rosenbloom8476@liret.org,Leslie Rosenbloom,Fr517,964,198,The Bahamas
830,Banker,Anthony_Briggs4818@infotech44.tech,Anthony Briggs,RD$463,705,823,Dominica
831,Design Engineer,Elijah_Mooney5252@supunk.biz,Elijah Mooney,kr373,880,098,Slovakia
832,Stockbroker,Ruby_Collingwood282@grannar.com,Ruby Collingwood,Fr637,559,647,Cameroon
833,CNC Operator,Shelby_Slater924@zorer.org,Shelby Slater,Ft231,630,978,Armenia
834,Retail Trainee,Nicholas_Parsons5127@elnee.tech,Nicholas Parsons,Kcˇ186,701,860,Tonga
835,Inspector,Sebastian_Knight5757@gmail.com,Sebastian Knight,RD$217,171,821,Indonesia
836,Stockbroker,Bart_Yarwood8380@corti.com,Bart Yarwood,Kr416,036,227,Lebanon
837,Machine Operator,Valentina_Douglas4417@bauros.biz,Valentina Douglas,Tk36,792,207,Uruguay
838,Restaurant Manager,Andrea_Asher3813@hourpy.biz,Andrea Asher,$58,799,018,Uzbekistan
839,Paramedic,Percy_Lindop7550@atink.com,Percy Lindop,Rp458,536,766,Vietnam
840,Treasurer,Madelyn_Ranks1392@womeona.net,Madelyn Ranks,CFA350,444,040,Côte d’Ivoire
841,Chef Manager,Aileen_King5934@irrepsy.com,Aileen King,Kcˇ67,517,561,Norway
842,Webmaster,Elijah_Needham2507@elnee.tech,Elijah Needham,C$693,267,640,Benin
843,Pharmacist,Jack_Watson7473@womeona.net,Jack Watson,Kr214,250,417,Togo
844,Baker,Hailey_Warner8695@infotech44.tech,Hailey Warner,CFA611,248,887,Korea, South
845,Business Broker,Ramon_Shaw2567@acrit.org,Ramon Shaw,Kr692,750,221,Barbados
846,Retail Trainee,Barry_Cobb2353@naiker.biz,Barry Cobb,kn790,930,558,Macedonia
847,HR Specialist,Alan_Townend800@supunk.biz,Alan Townend,$812,667,885,Argentina
848,Food Technologist,Daniel_Hobson3720@irrepsy.com,Daniel Hobson,Ft835,890,772,Croatia
849,HR Coordinator,Miley_Allen9191@brety.org,Miley Allen,Rp821,928,669,Djibouti
850,Steward,Holly_Harris4004@bulaffy.com,Holly Harris,CFA356,103,234,Ukraine
851,Systems Administrator,Carol_Yarwood1387@bungar.biz,Carol Yarwood,€359,658,868,Malaysia
852,Restaurant Manager,Paula_Jones1235@fuliss.net,Paula Jones,lei99,020,652,Vatican City
853,HR Coordinator,Phillip_Stubbs3060@irrepsy.com,Phillip Stubbs,Sk188,271,168,Russia
854,Machine Operator,Johnny_Allington7683@atink.com,Johnny Allington,Kcˇ224,786,472,Sao Tome and Principe
855,Treasurer,Analise_Addley3587@typill.biz,Analise Addley,Kcˇ489,238,906,Serbia
856,Bookkeeper,Owen_Yard6447@brety.org,Owen Yard,Sk736,850,293,Brunei
857,Business Broker,Noah_Fall1519@extex.org,Noah Fall,MOP$767,552,472,Malta
858,Assistant Buyer,Penelope_Clifton9097@joiniaa.com,Penelope Clifton,f256,296,227,Tajikistan
859,Software Engineer,Maribel_Mccall4703@hourpy.biz,Maribel Mccall,Ft156,343,227,Fiji
860,Physician,Ron_Henderson2084@ubusive.com,Ron Henderson,CFA81,865,313,Burundi
861,Physician,Cedrick_Welsch6007@twipet.com,Cedrick Welsch,f928,268,677,Italy
862,Paramedic,Chester_Verdon4310@twace.org,Chester Verdon,Tk855,291,547,Jamaica
863,Executive Director,Bryon_Mcneill9474@ubusive.com,Bryon Mcneill,kn771,932,269,Israel
864,Lecturer,Ronald_Boden5338@bauros.biz,Ronald Boden,c961,618,651,Canada
865,Fabricator,Noah_Pitt9653@atink.com,Noah Pitt,Fr623,798,631,Saudi Arabia
866,Project Manager,Luke_Brooks4323@jiman.org,Luke Brooks,Sk335,121,875,Argentina
867,HR Coordinator,Chelsea_Wright7067@irrepsy.com,Chelsea Wright,CFA934,554,928,Gabon
868,Budget Analyst,Lucas_Woodcock1576@naiker.biz,Lucas Woodcock,c129,163,041,Nepal
869,Health Educator,Liam_Bright7478@irrepsy.com,Liam Bright,Rp80,756,556,Montenegro
870,Chef Manager,Parker_Swift9315@jiman.org,Parker Swift,$218,289,037,Spain
871,Baker,David_Plant7220@jiman.org,David Plant,C$926,605,589,Philippines
872,HR Specialist,Mandy_Doherty2674@qater.org,Mandy Doherty,kn991,904,189,Italy
873,Bookkeeper,Leah_Newton525@bungar.biz,Leah Newton,€225,188,201,Mali
874,Clerk,Adina_Wright5080@iatim.tech,Adina Wright,€643,132,701,Papua New Guinea
875,Investment  Advisor,Nicholas_Briggs7642@vetan.org,Nicholas Briggs,f397,463,564,Djibouti
876,Global Logistics Supervisor,Parker_Marshall1903@cispeto.com,Parker Marshall,Kcˇ845,060,582,Samoa
877,Health Educator,Jacob_Thomas5905@bungar.biz,Jacob Thomas,HK$631,941,797,Laos
878,Ambulatory Nurse,Adela_Thompson3874@famism.biz,Adela Thompson,RD$5,079,139,Marshall Islands
879,Paramedic,Nicholas_Rixon6557@ubusive.com,Nicholas Rixon,€359,270,387,Bahrain
880,IT Support Staff,Juliette_Dallas4717@elnee.tech,Juliette Dallas,CFA433,407,322,Estonia
881,Pharmacist,Gabriel_Hale5280@qater.org,Gabriel Hale,B$823,155,161,Saint Vincent and the Grenadines
882,Doctor,Erin_Roscoe5372@twace.org,Erin Roscoe,Ft902,341,779,Honduras
883,Bellman,Fred_Gavin2467@deons.tech,Fred Gavin,lei370,457,211,East Timor (Timor-Leste)
884,Project Manager,Russel_Greenwood2134@tonsy.org,Russel Greenwood,CFA45,637,046,Libya
885,IT Support Staff,Audrey_Larkin9698@nanoff.biz,Audrey Larkin,Sk734,325,384,Germany
886,CNC Operator,Barry_Palmer1993@gembat.biz,Barry Palmer,Fr648,247,727,Sudan
887,Dentist,Susan_Santos9747@extex.org,Susan Santos,c690,867,374,Ecuador
888,Pharmacist,Davina_Tate3879@nanoff.biz,Davina Tate,Tk941,675,235,Saudi Arabia
889,Designer,Wendy_Turner6338@tonsy.org,Wendy Turner,MOP$171,846,950,Bahrain
890,Retail Trainee,Lynn_Freeburn8633@typill.biz,Lynn Freeburn,C$553,118,970,Somalia
891,Health Educator,Barry_Murray614@jiman.org,Barry Murray,kn792,460,359,El Salvador
892,Ambulatory Nurse,Sebastian_Sawyer4334@bauros.biz,Sebastian Sawyer,Ft187,347,988,Sierra Leone
893,Production Painter,Alan_Freeburn4903@dionrab.com,Alan Freeburn,kn443,160,105,Kazakhstan
894,Food Technologist,Bridget_Shields6970@mafthy.com,Bridget Shields,kr953,376,078,Burundi
895,Project Manager,Katelyn_Murphy3399@kideod.biz,Katelyn Murphy,kr83,339,967,Turkmenistan
896,Audiologist,Rosemary_Moore8089@naiker.biz,Rosemary Moore,Rp699,419,065,Denmark
897,Clerk,Alan_Plumb4665@nickia.com,Alan Plumb,€817,861,035,Grenada
898,Laboratory Technician,Oliver_Kelly6044@twace.org,Oliver Kelly,Fr794,893,411,Fiji
899,Banker,Summer_Brown8665@sveldo.biz,Summer Brown,$125,984,216,Latvia
900,Healthcare Specialist,Phoebe_Rossi1146@vetan.org,Phoebe Rossi,c965,684,541,Brunei
901,Fabricator,Felicity_Snow3181@mafthy.com,Felicity Snow,MOP$335,181,095,Hungary
902,Ambulatory Nurse,Amelia_Allen8650@twipet.com,Amelia Allen,Kcˇ787,190,361,Yemen
903,Laboratory Technician,Maxwell_Hill4530@womeona.net,Maxwell Hill,$999,543,554,Bahrain
904,Front Desk Coordinator,Alex_King8360@infotech44.tech,Alex King,Sk131,818,977,Argentina
905,Ambulatory Nurse,Winnie_Dobson4557@fuliss.net,Winnie Dobson,$896,099,279,Côte d’Ivoire
906,HR Specialist,Marjorie_Gardner7224@dionrab.com,Marjorie Gardner,lei512,682,360,Nepal
907,Operator,Caleb_Fulton3417@deons.tech,Caleb Fulton,Kr16,063,527,Kiribati
908,Dentist,Esmeralda_Ralph754@grannar.com,Esmeralda Ralph,B$257,876,035,Marshall Islands
909,Stockbroker,Sasha_Noach6105@ubusive.com,Sasha Noach,MOP$204,039,341,Brazil
910,Lecturer,Florence_Denton4189@elnee.tech,Florence Denton,CFA301,943,964,Burundi
911,Machine Operator,Alexa_Hobson6255@bretoux.com,Alexa Hobson,HK$357,940,204,Cabo Verde
912,Electrician,Margaret_Yoman188@yahoo.com,Margaret Yoman,Kr522,774,924,El Salvador
913,Front Desk Coordinator,Peyton_Mann8463@mafthy.com,Peyton Mann,$321,991,678,Belgium
914,Business Broker,Phillip_Rogers9888@famism.biz,Phillip Rogers,C$411,967,948,Romania
915,Physician,Mason_Myatt1124@acrit.org,Mason Myatt,kr18,853,731,Liberia
916,Design Engineer,Rufus_Price1030@deons.tech,Rufus Price,RD$312,822,571,Sri Lanka
917,Bellman,Rick_Holmes4880@womeona.net,Rick Holmes,kn126,176,415,Lithuania
918,Restaurant Manager,Chester_Morris491@sheye.org,Chester Morris,f614,567,110,Spain
919,Assistant Buyer,Ronald_Thornton7728@ubusive.com,Ronald Thornton,C$75,561,441,Mali
920,Cash Manager,Phoebe_Isaac7154@bungar.biz,Phoebe Isaac,CFA752,585,839,Israel
921,Stockbroker,Caydence_Watt9606@deavo.com,Caydence Watt,Rp917,680,Suriname
922,Paramedic,Cassidy_Lomax3813@zorer.org,Cassidy Lomax,kn254,516,903,Botswana
923,Banker,Fred_Bradshaw4153@twace.org,Fred Bradshaw,c805,682,994,Singapore
924,Banker,Chris_Ventura1571@typill.biz,Chris Ventura,kn659,497,148,Palau
925,Production Painter,Luna_Niles5040@nickia.com,Luna Niles,c892,486,899,Uganda
926,Production Painter,Tiffany_Howard6459@supunk.biz,Tiffany Howard,Sk220,607,991,Namibia
927,Ambulatory Nurse,Barry_Tate4211@kideod.biz,Barry Tate,HK$293,014,286,Madagascar
928,Baker,Manuel_Hewitt214@bretoux.com,Manuel Hewitt,B$633,044,320,Japan
929,Service Supervisor,Felicity_Miller2026@twipet.com,Felicity Miller,Fr514,195,278,Czech Republic
930,Treasurer,Julian_Andrews1277@bauros.biz,Julian Andrews,HK$122,068,920,Macedonia
931,Staffing Consultant,Jacqueline_Bentley9928@grannar.com,Jacqueline Bentley,c556,045,735,Suriname
932,Physician,Monica_Mason4768@deons.tech,Monica Mason,Kr267,975,072,Iceland
933,Paramedic,Winnie_Olson8559@yahoo.com,Winnie Olson,C$288,496,565,Argentina
934,Cash Manager,Eileen_Hilton4696@zorer.org,Eileen Hilton,Fr441,067,985,France
935,Bookkeeper,Eden_Parr7966@liret.org,Eden Parr,Tk540,801,626,Cuba
936,Laboratory Technician,Karen_Summers9382@supunk.biz,Karen Summers,c950,161,472,East Timor (Timor-Leste)
937,Physician,Benjamin_Spencer4126@nimogy.biz,Benjamin Spencer,Tk384,797,508,Kosovo
938,Business Broker,Ciara_Pearson5927@acrit.org,Ciara Pearson,Fr469,039,566,Jordan
939,Steward,Maxwell_Reyes883@naiker.biz,Maxwell Reyes,HK$438,435,684,Palau
940,Baker,Mabel_Collins7545@dionrab.com,Mabel Collins,Rp891,812,840,Bosnia and Herzegovina
941,Restaurant Manager,Rocco_Ogilvy2932@deons.tech,Rocco Ogilvy,MOP$345,638,086,Luxembourg
942,Cashier,Daphne_Dallas4748@typill.biz,Daphne Dallas,€733,519,661,Panama
943,Dentist,Ivette_Lakey5102@gmail.com,Ivette Lakey,Kcˇ321,372,641,Iran
944,Chef Manager,Vivian_Stewart9057@ubusive.com,Vivian Stewart,€714,723,327,USA
945,Project Manager,Camila_Jarvis17@naiker.biz,Camila Jarvis,Kcˇ979,091,960,Monaco
946,Chef Manager,Dani_Jenkins7919@muall.tech,Dani Jenkins,$182,319,054,Moldova
947,Staffing Consultant,Michael_Redden3951@muall.tech,Michael Redden,f479,129,374,Guatemala
948,Budget Analyst,Sofie_Saunders6463@jiman.org,Sofie Saunders,Kr74,340,554,Zambia
949,Associate Professor,Gladys_Yarwood7308@sheye.org,Gladys Yarwood,Sk423,563,265,Nigeria
950,Steward,Dakota_Flynn1380@corti.com,Dakota Flynn,RD$83,871,744,Yemen
951,Global Logistics Supervisor,Maggie_Ashley4161@liret.org,Maggie Ashley,€732,162,448,Eritrea
952,Call Center Representative,Michael_Brennan7603@iatim.tech,Michael Brennan,f685,566,413,Costa Rica
953,Associate Professor,Maribel_Holmes5298@elnee.tech,Maribel Holmes,MOP$462,394,239,Antigua and Barbuda
954,Staffing Consultant,David_Whittle5792@elnee.tech,David Whittle,€429,675,696,Solomon Islands
955,Ambulatory Nurse,Manuel_Lindop1695@infotech44.tech,Manuel Lindop,Tk482,295,299,Comoros
956,Treasurer,Alma_Stone 8231@guentu.biz,Alma Stone ,Sk208,877,564,Somalia
957,Treasurer,Mark_Addley7296@mafthy.com,Mark Addley,Tk256,897,138,Germany
958,Investment  Advisor,Sebastian_Hall1141@atink.com,Sebastian Hall,HK$210,838,821,Madagascar
959,Accountant,Angelica_Walker3720@infotech44.tech,Angelica Walker,Ft761,058,609,Portugal
960,Pharmacist,Christy_Partridge686@nimogy.biz,Christy Partridge,Ft457,518,444,Israel
961,Cash Manager,Erick_Saunders1354@womeona.net,Erick Saunders,Kr209,684,100,Bolivia
962,Banker,Rick_Morrow865@deons.tech,Rick Morrow,€358,446,739,Greece
963,Bookkeeper,Drew_Nielson665@bretoux.com,Drew Nielson,f782,371,820,Sudan
964,Loan Officer,Eden_Leslie1390@mafthy.com,Eden Leslie,Tk969,916,002,Estonia
965,Paramedic,Amelia_Healy1801@ubusive.com,Amelia Healy,B$305,001,478,Somalia
966,Global Logistics Supervisor,Hazel_Douglas622@muall.tech,Hazel Douglas,RD$808,528,795,Kenya
967,Bookkeeper,Gloria_Salt6265@mafthy.com,Gloria Salt,HK$603,111,115,Spain
968,Cash Manager,George_Cunningham3368@iatim.tech,George Cunningham,€10,214,915,Nauru
969,Baker,Taylor_Armstrong123@bretoux.com,Taylor Armstrong,RD$668,663,163,Spain
970,Machine Operator,Sadie_Williams9800@iatim.tech,Sadie Williams,c719,875,870,Afghanistan
971,Operator,Gwenyth_Reyes4156@sveldo.biz,Gwenyth Reyes,Rp238,753,928,Sudan
972,Staffing Consultant,Kieth_Hall9519@corti.com,Kieth Hall,HK$941,952,391,Korea, North
973,Assistant Buyer,Owen_Davies3899@hourpy.biz,Owen Davies,MOP$583,618,509,Barbados
974,Cook,Manuel_Mullins7727@yahoo.com,Manuel Mullins,Kcˇ517,788,230,Mali
975,Investment  Advisor,Percy_Walsh884@vetan.org,Percy Walsh,$681,673,469,Solomon Islands
976,Operator,Carter_Hunt5130@eirey.tech,Carter Hunt,Rp512,596,130,Tanzania
977,Lecturer,Zoe_Rowe5818@zorer.org,Zoe Rowe,C$780,887,859,Thailand
978,Service Supervisor,Barry_Simpson1646@hourpy.biz,Barry Simpson,Kr122,159,374,Peru
979,Restaurant Manager,Renee_Bailey4382@extex.org,Renee Bailey,C$3,419,970,Tunisia
980,Executive Director,Agnes_Hepburn6176@grannar.com,Agnes Hepburn,Kcˇ253,129,099,Oman
981,Banker,Carol_Terry2083@joiniaa.com,Carol Terry,C$26,776,474,Portugal
982,Pharmacist,Greta_Clifton4640@sveldo.biz,Greta Clifton,kn310,450,464,Kazakhstan
983,Biologist,Henry_Patel624@mafthy.com,Henry Patel,MOP$58,744,198,Costa Rica
984,Design Engineer,Shay_Isaac8034@nanoff.biz,Shay Isaac,RD$451,815,870,Fiji
985,Clerk,Nicholas_Bennett8611@naiker.biz,Nicholas Bennett,$301,039,988,Tajikistan
986,Loan Officer,Alexander_Wheeler9530@acrit.org,Alexander Wheeler,CFA190,634,268,Panama
987,Clerk,Madison_Duvall892@bretoux.com,Madison Duvall,CFA604,111,007,Romania
988,Clerk,Morgan_Brown2187@nimogy.biz,Morgan Brown,Fr63,799,213,Congo
989,Mobile Developer,Chadwick_Dubois915@nickia.com,Chadwick Dubois,Tk815,470,006,Taiwan
990,Cash Manager,Lucas_Hood4614@naiker.biz,Lucas Hood,MOP$246,454,603,Turkey
991,Fabricator,Nathan_Warner8600@ovock.tech,Nathan Warner,Sk446,342,538,Honduras
992,Treasurer,Carrie_Rehman7709@yahoo.com,Carrie Rehman,Kcˇ962,356,323,Slovakia
993,Dentist,Barry_Thomas9964@acrit.org,Barry Thomas,Rp908,083,319,New Zealand
994,Dentist,Sofie_Rivers3729@deavo.com,Sofie Rivers,Sk977,292,020,Central African Republic
995,Pharmacist,Ivy_Campbell4297@corti.com,Ivy Campbell,$633,361,454,Sudan
996,Paramedic,Brad_Freeburn7381@hourpy.biz,Brad Freeburn,lei930,285,542,Eritrea
997,Retail Trainee,Caleb_Vernon4102@infotech44.tech,Caleb Vernon,f486,863,651,Malawi
998,Doctor,William_Abbot8514@bauros.biz,William Abbot,HK$86,030,228,Tajikistan
999,Mobile Developer,Mike_Morris8488@extex.org,Mike Morris,MOP$622,486,857,Turkey
1000,Doctor,Rosie_Goodman3809@acrit.org,Rosie Goodman,Tk959,665,590,Vanuatu

